Workbook

Sheet 0_Sampling
A1: Sampling
A3: Sampling date | B3: Sample ID | C3: Subsite | D3: Working ID
A4: 45486 | B4: AP1_0-20 | C4: Palsa | D4: P1
A5: 45486 | B5: AP1_20-40 | C5: Palsa | D5: P2
A6: 45486 | B6: AP1_50-69 | C6: Palsa | D6: P3
A7: 45486 | B7: AP1_80-100 | C7: Palsa | D7: P4
A8: 45486 | B8: AP1_100-120 | C8: Palsa | D8: P5
A9: 45486 | B9: AP2_0-20 | C9: Palsa | D9: P16
A10: 45486 | B10: AP2_20-40 | C10: Palsa | D10: P7
A11: 45486 | B11: AP2_50-69 | C11: Palsa | D11: P8
A12: 45486 | B12: AP2_80-100 | C12: Palsa | D12: P9
A13: 45486 | B13: AP2_100-120 | C13: Palsa | D13: P10
A14: 45486 | B14: AP3_0-20 | C14: Palsa | D14: P11
A15: 45486 | B15: AP3_20-40 | C15: Palsa | D15: P12
... A43: 45488 | B43: AT5_150-170 | C43: Thermokarst | D43: P40

Sheet 1_Water content
A1: Water content | L1: Drying of samples for analyses
A2: 45603 | C2: Samples P1, P2, P11, P12 see table 2_water holding capacity | L2: 45608 | O2: Samples P1, P2, P11, P12 see table 2_water holding capacity
A3: Measure 5-10 g sample, dry at 105 °C | L3: Weighing of total samples into aluminum bowls and drying
A4: Start of drying: 7.11., 14:30h
A5: End of drying: 8.11., 11:00h
A8: Sample ID | B8: Working ID | C8: Weight bowl empty [g] | D8: Fresh weight + bowl [g] | E8: Dry weight + bowl [g] | F8: Dry weight [%] | G8: Dry weight [g] | H8: Absolute mass water [g] | I8: gravimetric water content [g/g] | J8: water content [%] | K8: WHC [g/g] | L8: Weight bowl [g] | M8: Total weight sample + bowl [g] | N8: Total weight sample [g] | O8: Total dry weight [g] | P8: Water content at 150% [g] | Q8: Weight of sample at 150% water content [g] | R8: Weight of sample + bowl at 150% water content [g] | S8: Weight of sample + bowl after drying [g] | T8: Weight of sample after drying [g] | U8: Water content [g/g] | V8: Attention: water content of aerobic samples lower after pre-incubation (see table 3)
A9: AP1_0-20 | B9: P1 | I9: 3.5363128
A10: AP1_20-40 | B10: P2 | I10: 5.5964912
A11: AP1_50-69 | B11: P3 | C11: 1.172 | D11: 8.981 | E11: 2.804 | F11: =E11/D11 -> 0.31221468 | G11: =E11-C11 -> 1.632 | H11: =D11-E11 -> 6.177 | I11: =H11/G11 -> 3.7849265 | J11: =H11/(D11-C11) -> 0.79101037 | K11: =H11/G11 -> 3.7849265 | L11: 10.7 | M11: 139.4 | N11: =M11-L11 -> 128.7 | O11: =N11/(1+K11) -> 26.896965 | P11: =O11*1.5 -> 40.345448 | Q11: =O11+P11 -> 67.242413 | R11: =Q11+L11 -> 77.942413 | S11: 78.8 | T11: =S11-L11 -> 68.1 | U11: =(T11-O11)/O11 -> 1.5318842
A12: AP1_80-100 | B12: P4 | C12: 1.177 | D12: 9.121 | E12: 2.374 | F12: =E12/D12 -> 0.26027848 | G12: =E12-C12 -> 1.197 | H12: =D12-E12 -> 6.747 | I12: =H12/(E12-C12) -> 5.6365915 | J12: =H12/(D12-C12) -> 0.84932024 | K12: =H12/G12 -> 5.6365915 | L12: 12.1 | M12: 175.2 | N12: =M12-L12 -> 163.1 | O12: =N12/(1+K12) -> 24.575869 | P12: =O12*1.5 -> 36.863803 | Q12: =O12+P12 -> 61.439671 | R12: =Q12+L12 -> 73.539671 | S12: 75.2 | T12: =S12-L12 -> 63.1 | U12: =(T12-O12)/O12 -> 1.5675593
A13: AP1_100-120 | B13: P5 | C13: 1.175 | D13: 7.422 | E13: 2.172 | F13: =E13/D13 -> 0.29264349 | G13: =E13-C13 -> 0.997 | H13: =D13-E13 -> 5.25 | I13: =H13/(E13-C13) -> 5.2657974 | J13: =H13/(D13-C13) -> 0.84040339 | K13: =H13/G13 -> 5.2657974 | L13: 12 | M13: 165.9 | N13: =M13-L13 -> 153.9 | O13: =N13/(1+K13) -> 24.561918 | P13: =O13*1.5 -> 36.842877 | Q13: =O13+P13 -> 61.404794 | R13: =Q13+L13 -> 73.404794 | S13: 73.7 | T13: =S13-L13 -> 61.7 | U13: =(T13-O13)/O13 -> 1.5120188
A14: AP2_0-20 | B14: P16 | C14: 1.182 | D14: 8.048 | E14: 3.09 | F14: =E14/D14 -> 0.38394632 | G14: =E14-C14 -> 1.908 | H14: =D14-E14 -> 4.958 | I14: =H14/(E14-C14) -> 2.5985325 | J14: =H14/(D14-C14) -> 0.72210894 | K14: =H14/G14 -> 2.5985325 | L14: 38.9 | M14: 342.6 | N14: =M14-L14 -> 303.7 | O14: =N14/(1+K14) -> 84.395514 | P14: =O14*1.5 -> 126.59327 | Q14: =O14+P14 -> 210.98879 | R14: =Q14+L14 -> 249.88879 | S14: 250.7 | T14: =S14-L14 -> 211.8 | U14: =(T14-O14)/O14 -> 1.5096121
A15: AP2_20-40 | B15: P7 | C15: 1.188 | D15: 8.838 | E15: 3.46 | F15: =E15/D15 -> 0.39149129 | G15: =E15-C15 -> 2.272 | H15: =D15-E15 -> 5.378 | I15: =H15/(E15-C15) -> 2.3670775 | J15: =H15/(D15-C15) -> 0.70300654 | K15: =H15/G15 -> 2.3670775 | L15: 11.4 | M15: 278.2 | N15: =M15-L15 -> 266.8 | O15: =N15/(1+K15) -> 79.237856 | P15: =O15*1.5 -> 118.85678 | Q15: =O15+P15 -> 198.09464 | R15: =Q15+L15 -> 209.49464 | S15: 209.6 | T15: =S15-L15 -> 198.2 | U15: =(T15-O15)/O15 -> 1.5013297
A16: AP2_50-69 | B16: P8 | C16: 1.171 | D16: 7.766 | E16: 2.082 | F16: =E16/D16 -> 0.26809168 | G16: =E16-C16 -> 0.911 | H16: =D16-E16 -> 5.684 | I16: =H16/(E16-C16) -> 6.2392975 | J16: =H16/(D16-C16) -> 0.86186505 | K16: =H16/G16 -> 6.2392975 | L16: 11.9 | M16: 156.7 | N16: =M16-L16 -> 144.8 | O16: =N16/(1+K16) -> 20.001941 | P16: =O16*1.5 -> 30.002911 | Q16: =O16+P16 -> 50.004852 | R16: =Q16+L16 -> 61.904852 | S16: 63.3 | T16: =S16-L16 -> 51.4 | U16: =(T16-O16)/O16 -> 1.5697506
A17: AP2_80-100 | B17: P9 | C17: 1.175 | D17: 8.587 | E17: 1.979 | F17: =E17/D17 -> 0.23046466 | G17: =E17-C17 -> 0.804 | H17: =D17-E17 -> 6.608 | I17: =H17/(E17-C17) -> 8.2189055 | J17: =H17/(D17-C17) -> 0.89152725 | K17: =H17/G17 -> 8.2189055 | L17: 12.4 | M17: 182.8 | N17: =M17-L17 -> 170.4 | O17: =N17/(1+K17) -> 18.483756 | P17: =O17*1.5 -> 27.725634 | Q17: =O17+P17 -> 46.20939 | R17: =Q17+L17 -> 58.60939 | S17: 59.2 | T17: =S17-L17 -> 46.8 | U17: =(T17-O17)/O17 -> 1.5319529
A18: AP2_100-120 | B18: P10 | C18: 1.179 | D18: 8.995 | E18: 2.049 | F18: =E18/D18 -> 0.22779322 | G18: =E18-C18 -> 0.87 | H18: =D18-E18 -> 6.946 | I18: =H18/(E18-C18) -> 7.983908 | J18: =H18/(D18-C18) -> 0.88868987 | K18: =H18/G18 -> 7.983908 | L18: 12.8 | M18: 167.4 | N18: =M18-L18 -> 154.6 | O18: =N18/(1+K18) -> 17.208547 | P18: =O18*1.5 -> 25.81282 | Q18: =O18+P18 -> 43.021366 | R18: =Q18+L18 -> 55.821366 | S18: 55.8 | T18: =S18-L18 -> 43 | U18: =(T18-O18)/O18 -> 1.4987584
A19: AP3_0-20 | B19: P11 | I19: 3.0467836 | N19: =M19-L19 -> 0 | O19: =N19/(1+K19) -> 0 | R19: =Q19+L19 -> 0
A20: AP3_20-40 | B20: P12 | I20: 5.7810945 | N20: =M20-L20 -> 0 | O20: =N20/(1+K20) -> 0 | R20: =Q20+L20 -> 0
A21: AP3_50-69 | B21: P13 | C21: 1.177 | D21: 7.338 | E21: 2.187 | F21: =E21/D21 -> 0.29803761 | G21: =E21-C21 -> 1.01 | H21: =D21-E21 -> 5.151 | I21: =H21/(E21-C21) -> 5.1 | J21: =H21/(D21-C21) -> 0.83606557 | K21: =H21/G21 -> 5.1 | L21: 12.3 | M21: 132.1 | N21: =M21-L21 -> 119.8 | O21: =N21/(1+K21) -> 19.639344 | P21: =O21*1.5 -> 29.459016 | Q21: =O21+P21 -> 49.098361 | R21: =Q21+L21 -> 61.398361 | S21: 61.9 | T21: =S21-L21 -> 49.6 | U21: =(T21-O21)/O21 -> 1.5255426
A22: AP3_80-100 | B22: P14 | C22: 1.184 | D22: 7.598 | E22: 2.227 | F22: =E22/D22 -> 0.29310345 | G22: =E22-C22 -> 1.043 | H22: =D22-E22 -> 5.371 | I22: =H22/(E22-C22) -> 5.1495686 | J22: =H22/(D22-C22) -> 0.83738697 | K22: =H22/G22 -> 5.1495686 | L22: 12 | M22: 184 | N22: =M22-L22 -> 172 | O22: =N22/(1+K22) -> 27.969442 | P22: =O22*1.5 -> 41.954163 | Q22: =O22+P22 -> 69.923605 | R22: =Q22+L22 -> 81.923605 | S22: =86-(80.701-76.5) -> 81.799 | T22: =S22-L22 -> 69.799 | U22: =(T22-O22)/O22 -> 1.495545
A23: AP3_100-119 | B23: P15 | C23: 1.168 | D23: 7.611 | E23: 2.019 | F23: =E23/D23 -> 0.26527395 | G23: =E23-C23 -> 0.851 | H23: =D23-E23 -> 5.592 | I23: =H23/(E23-C23) -> 6.5710928 | J23: =H23/(D23-C23) -> 0.86791867 | K23: =H23/G23 -> 6.5710928 | L23: 12.1 | M23: 185.4 | N23: =M23-L23 -> 173.3 | O23: =N23/(1+K23) -> 22.889694 | P23: =O23*1.5 -> 34.334541 | Q23: =O23+P23 -> 57.224236 | R23: =Q23+L23 -> 69.324236 | S23: =73-(68.294-65.2) -> 69.906 | T23: =S23-L23 -> 57.806 | U23: =(T23-O23)/O23 -> 1.525416
A24: AP4_0-20 | B24: P6 | C24: 1.148 | D24: 7.981 | E24: 3.144 | F24: =E24/D24 -> 0.3939356 | G24: =E24-C24 -> 1.996 | H24: =D24-E24 -> 4.837 | I24: =H24/(E24-C24) -> 2.4233467 | J24: =H24/(D24-C24) -> 0.70788819 | K24: =H24/G24 -> 2.4233467 | L24: 38 | M24: 255.8 | N24: =M24-L24 -> 217.8 | O24: =N24/(1+K24) -> 63.621952 | P24: =O24*1.5 -> 95.432928 | Q24: =O24+P24 -> 159.05488 | R24: =Q24+L24 -> 197.05488 | S24: 197.2 | T24: =S24-L24 -> 159.2 | U24: =(T24-O24)/O24 -> 1.502281
A25: AP4_20-40 | B25: P17 | C25: 1.17 | D25: 8.391 | E25: 2.952 | F25: =E25/D25 -> 0.35180551 | G25: =E25-C25 -> 1.782 | H25: =D25-E25 -> 5.439 | I25: =H25/(E25-C25) -> 3.0521886 | J25: =H25/(D25-C25) -> 0.75321978 | K25: =H25/G25 -> 3.0521886 | L25: 38.8 | M25: 403.9 | N25: =M25-L25 -> 365.1 | O25: =N25/(1+K25) -> 90.09946 | P25: =O25*1.5 -> 135.14919 | Q25: =O25+P25 -> 225.24865 | R25: =Q25+L25 -> 264.04865 | S25: 266.2 | T25: =S25-L25 -> 227.4 | U25: =(T25-O25)/O25 -> 1.5238775
A26: AP4_50-70 | B26: P18 | C26: 1.107 | D26: 6.58 | E26: 2.118 | F26: =E26/D26 -> 0.3218845 | G26: =E26-C26 -> 1.011 | H26: =D26-E26 -> 4.462 | I26: =H26/(E26-C26) -> 4.413452 | J26: =H26/(D26-C26) -> 0.81527499 | K26: =H26/G26 -> 4.413452 | L26: 11.9 | M26: 94.1 | N26: =M26-L26 -> 82.2 | O26: =N26/(1+K26) -> 15.184396 | P26: =O26*1.5 -> 22.776594 | Q26: =O26+P26 -> 37.96099 | R26: =Q26+L26 -> 49.86099 | S26: =52.1-(45.791-44.2) -> 50.509 | T26: =S26-L26 -> 38.609 | U26: =(T26-O26)/O26 -> 1.542676
A27: AP4_80-99 | B27: P19 | C27: 1.189 | D27: 8.529 | E27: 1.87 | F27: =E27/D27 -> 0.21925196 | G27: =E27-C27 -> 0.681 | H27: =D27-E27 -> 6.659 | I27: =H27/(E27-C27) -> 9.7782673 | J27: =H27/(D27-C27) -> 0.90722071 | K27: =H27/G27 -> 9.7782673 | L27: 12 | M27: 155.1 | N27: =M27-L27 -> 143.1 | O27: =N27/(1+K27) -> 13.276717 | P27: =O27*1.5 -> 19.915075 | Q27: =O27+P27 -> 33.191792 | R27: =Q27+L27 -> 45.191792 | S27: =47-(41.42-40.3) -> 45.88 | T27: =S27-L27 -> 33.88 | U27: =(T27-O27)/O27 -> 1.5518357
A28: AP4_99-120 | B28: P20 | C28: 1.167 | D28: 7.742 | E28: 1.665 | F28: =E28/D28 -> 0.21506071 | G28: =E28-C28 -> 0.498 | H28: =D28-E28 -> 6.077 | I28: =H28/(E28-C28) -> 12.202811 | J28: =H28/(D28-C28) -> 0.92425856 | K28: =H28/G28 -> 12.202811 | L28: 12.1 | M28: 174.7 | N28: =M28-L28 -> 162.6 | O28: =N28/(1+K28) -> 12.315559 | P28: =O28*1.5 -> 18.473338 | Q28: =O28+P28 -> 30.788897 | R28: =Q28+L28 -> 42.888897 | S28: 43.7 | T28: =S28-L28 -> 31.6 | U28: =(T28-O28)/O28 -> 1.56586
A29: AT1_0-40 | B29: P21 | C29: 1.178 | D29: 8.525 | E29: 1.511 | F29: =E29/D29 -> 0.1772434 | G29: =E29-C29 -> 0.333 | H29: =D29-E29 -> 7.014 | I29: =H29/(E29-C29) -> 21.063063 | J29: =H29/(D29-C29) -> 0.95467538 | K29: =H29/G29 -> 21.063063 | L29: 38.5 | M29: 683.7 | N29: =M29-L29 -> 645.2 | O29: =N29/(1+K29) -> 29.243446 | P29: =O29*2.5 -> 73.108616 | Q29: =O29+P29 -> 102.35206 | R29: =Q29+L29 -> 140.85206 | S29: 142 | T29: =S29-L29 -> 103.5 | U29: =(T29-O29)/O29 -> 2.5392545
A30: AT1_63-83 | B30: P22 | C30: 1.176 | D30: 8.225 | E30: 2.327 | F30: =E30/D30 -> 0.28291793 | G30: =E30-C30 -> 1.151 | H30: =D30-E30 -> 5.898 | I30: =H30/(E30-C30) -> 5.1242398 | J30: =H30/(D30-C30) -> 0.83671443 | K30: =H30/G30 -> 5.1242398 | L30: 12.3 | M30: 251.6 | N30: =M30-L30 -> 239.3 | O30: =N30/(1+K30) -> 39.074237 | P30: =O30*1.5 -> 58.611356 | Q30: =O30+P30 -> 97.685594 | R30: =Q30+L30 -> 109.98559 | S30: 110 | T30: =S30-L30 -> 97.7 | U30: =(T30-O30)/O30 -> 1.5003687
A31: AT1_83-103 | B31: P23 | C31: 1.165 | D31: 8.696 | E31: 2.583 | F31: =E31/D31 -> 0.29703312 | G31: =E31-C31 -> 1.418 | H31: =D31-E31 -> 6.113 | I31: =H31/(E31-C31) -> 4.3110014 | J31: =H31/(D31-C31) -> 0.81171159 | K31: =H31/G31 -> 4.3110014 | L31: 12.3 | M31: 244.7 | N31: =M31-L31 -> 232.4 | O31: =N31/(1+K31) -> 43.758226 | P31: =O31*1.5 -> 65.637339 | Q31: =O31+P31 -> 109.39556 | R31: =Q31+L31 -> 121.69556 | S31: =129.2-(124.816-118.3) -> 122.684 | T31: =S31-L31 -> 110.384 | U31: =(T31-O31)/O31 -> 1.5225886
A32: AT1_143-163 | B32: P24 | C32: 1.172 | D32: 8.807 | E32: 2.031 | F32: =E32/D32 -> 0.23061201 | G32: =E32-C32 -> 0.859 | H32: =D32-E32 -> 6.776 | I32: =H32/(E32-C32) -> 7.8882421 | J32: =H32/(D32-C32) -> 0.88749181 | K32: =H32/G32 -> 7.8882421 | L32: 12.2 | M32: 239.6 | N32: =M32-L32 -> 227.4 | O32: =N32/(1+K32) -> 25.584361 | P32: =O32*1.5 -> 38.376542 | Q32: =O32+P32 -> 63.960904 | R32: =Q32+L32 -> 76.160904 | S32: 76.4 | T32: =S32-L32 -> 64.2 | U32: =(T32-O32)/O32 -> 1.5093454
A33: AT1_163-183 | B33: P25 | C33: 1.186 | D33: 10.884 | E33: 2.163 | F33: =E33/D33 -> 0.19873208 | G33: =E33-C33 -> 0.977 | H33: =D33-E33 -> 8.721 | I33: =H33/(E33-C33) -> 8.926305 | J33: =H33/(D33-C33) -> 0.89925758 | K33: =H33/G33 -> 8.926305 | L33: 12.2 | M33: 239.5 | N33: =M33-L33 -> 227.3 | O33: =N33/(1+K33) -> 22.898752 | P33: =O33*1.5 -> 34.348128 | Q33: =O33+P33 -> 57.246881 | R33: =Q33+L33 -> 69.446881 | S33: =74.6-(63.457-58.7) -> 69.843 | T33: =S33-L33 -> 57.643 | U33: =(T33-O33)/O33 -> 1.5172987
A34: AT2_0-40 | B34: P26 | C34: 1.183 | D34: 9.269 | E34: 1.737 | F34: =E34/D34 -> 0.18739886 | G34: =E34-C34 -> 0.554 | H34: =D34-E34 -> 7.532 | I34: =H34/(E34-C34) -> 13.595668 | J34: =H34/(D34-C34) -> 0.93148652 | K34: =H34/G34 -> 13.595668 | L34: 38.9 | M34: 585.3 | N34: =M34-L34 -> 546.4 | O34: =N34/(1+K34) -> 37.435766 | P34: =O34*2.5 -> 93.589414 | Q34: =O34+P34 -> 131.02518 | R34: =Q34+L34 -> 169.92518 | S34: =133.2+38.4 -> 171.6 | T34: =S34-L34 -> 132.7 | U34: =(T34-O34)/O34 -> 2.5447385
A35: AT2_43-63 | B35: P27 | C35: 1.168 | D35: 8.357 | E35: 2.788 | F35: =E35/D35 -> 0.33361254 | G35: =E35-C35 -> 1.62 | H35: =D35-E35 -> 5.569 | I35: =H35/(E35-C35) -> 3.4376543 | J35: =H35/(D35-C35) -> 0.77465572 | K35: =H35/G35 -> 3.4376543 | L35: 11 | M35: 170.8 | N35: =M35-L35 -> 159.8 | O35: =N35/(1+K35) -> 36.010015 | P35: =O35*1.5 -> 54.015023 | Q35: =O35+P35 -> 90.025038 | R35: =Q35+L35 -> 101.02504 | S35: =97.6+5.1 -> 102.7 | T35: =S35-L35 -> 91.7 | U35: =(T35-O35)/O35 -> 1.5465138
A36: AT2_63-83 | B36: P28 | C36: 1.183 | D36: 9.901 | E36: 2.807 | F36: =E36/D36 -> 0.28350672 | G36: =E36-C36 -> 1.624 | H36: =D36-E36 -> 7.094 | I36: =H36/(E36-C36) -> 4.3682266 | J36: =H36/(D36-C36) -> 0.81371874 | K36: =H36/G36 -> 4.3682266 | L36: 12.1 | M36: 214 | N36: =M36-L36 -> 201.9 | O36: =N36/(1+K36) -> 37.610186 | P36: =O36*1.5 -> 56.415279 | Q36: =O36+P36 -> 94.025465 | R36: =Q36+L36 -> 106.12546 | S36: 107.3 | T36: =S36-L36 -> 95.2 | U36: =(T36-O36)/O36 -> 1.5312292
A37: AT2_123-143 | B37: P29 | C37: 1.176 | D37: 10.293 | E37: 2.077 | F37: =E37/D37 -> 0.20178762 | G37: =E37-C37 -> 0.901 | H37: =D37-E37 -> 8.216 | I37: =H37/(E37-C37) -> 9.1187569 | J37: =H37/(D37-C37) -> 0.90117363 | K37: =H37/G37 -> 9.1187569 | L37: 12.2 | M37: 187.7 | N37: =M37-L37 -> 175.5 | O37: =N37/(1+K37) -> 17.344028 | P37: =O37*1.5 -> 26.016041 | Q37: =O37+P37 -> 43.360069 | R37: =Q37+L37 -> 55.560069 | S37: 56.4 | T37: =S37-L37 -> 44.2 | U37: =(T37-O37)/O37 -> 1.5484277
A38: AT2_143-163 | B38: P30 | C38: 1.178 | D38: 9.24 | E38: 2.034 | F38: =E38/D38 -> 0.22012987 | G38: =E38-C38 -> 0.856 | H38: =D38-E38 -> 7.206 | I38: =H38/(E38-C38) -> 8.4182243 | J38: =H38/(D38-C38) -> 0.89382287 | K38: =H38/G38 -> 8.4182243 | L38: 12.1 | M38: 271.7 | N38: =M38-L38 -> 259.6 | O38: =N38/(1+K38) -> 27.563582 | P38: =O38*1.5 -> 41.345373 | Q38: =O38+P38 -> 68.908956 | R38: =Q38+L38 -> 81.008956 | S38: 82.4 | T38: =S38-L38 -> 70.3 | U38: =(T38-O38)/O38 -> 1.5504667
A39: AT3_0-40 | B39: P31 | C39: 1.181 | D39: 8.822 | E39: 1.601 | F39: =E39/D39 -> 0.18147812 | G39: =E39-C39 -> 0.42 | H39: =D39-E39 -> 7.221 | I39: =H39/(E39-C39) -> 17.192857 | J39: =H39/(D39-C39) -> 0.94503337 | K39: =H39/G39 -> 17.192857 | L39: 25.4 | M39: 867.9 | N39: =M39-L39 -> 842.5 | O39: =N39/(1+K39) -> 46.309384 | P39: =O39*2.5 -> 115.77346 | Q39: =O39+P39 -> 162.08284 | R39: =Q39+L39 -> 187.48284 | S39: 188.4 | T39: =S39-L39 -> 163 | U39: =(T39-O39)/O39 -> 2.519805
A40: AT3_60-80 | B40: P32 | C40: 1.177 | D40: 8.992 | E40: 2.676 | F40: =E40/D40 -> 0.29759786 | G40: =E40-C40 -> 1.499 | H40: =D40-E40 -> 6.316 | I40: =H40/(E40-C40) -> 4.2134757 | J40: =H40/(D40-C40) -> 0.80818938 | K40: =H40/G40 -> 4.2134757 | L40: 12.1 | M40: 216.4 | N40: =M40-L40 -> 204.3 | O40: =N40/(1+K40) -> 39.18691 | P40: =O40*1.5 -> 58.780365 | Q40: =O40+P40 -> 97.967274 | R40: =Q40+L40 -> 110.06727 | S40: 111.5 | T40: =S40-L40 -> 99.4 | U40: =(T40-O40)/O40 -> 1.5365613
A41: AT3_80-100 | B41: P33 | C41: 1.19 | D41: 10.802 | E41: 2.905 | F41: =E41/D41 -> 0.26893168 | G41: =E41-C41 -> 1.715 | H41: =D41-E41 -> 7.897 | I41: =H41/(E41-C41) -> 4.6046647 | J41: =H41/(D41-C41) -> 0.8215772 | K41: =H41/G41 -> 4.6046647 | L41: 12.7 | M41: 215.9 | N41: =M41-L41 -> 203.2 | O41: =N41/(1+K41) -> 36.255514 | P41: =O41*1.5 -> 54.383271 | Q41: =O41+P41 -> 90.638785 | R41: =Q41+L41 -> 103.33878 | S41: 104.2 | T41: =S41-L41 -> 91.5 | U41: =(T41-O41)/O41 -> 1.523754
A42: AT3_140-160 | B42: P34 | C42: 1.178 | D42: 9.89 | E42: 2.034 | F42: =E42/D42 -> 0.20566229 | G42: =E42-C42 -> 0.856 | H42: =D42-E42 -> 7.856 | I42: =H42/(E42-C42) -> 9.1775701 | J42: =H42/(D42-C42) -> 0.90174472 | K42: =H42/G42 -> 9.1775701 | L42: 12.1 | M42: 242.6 | N42: =M42-L42 -> 230.5 | O42: =N42/(1+K42) -> 22.647842 | P42: =O42*1.5 -> 33.971763 | Q42: =O42+P42 -> 56.619605 | R42: =Q42+L42 -> 68.719605 | S42: 69.8 | T42: =S42-L42 -> 57.7 | U42: =(T42-O42)/O42 -> 1.5477041
A43: AT3_160-180 | B43: P35 | C43: 1.191 | D43: 8.389 | E43: 1.998 | F43: =E43/D43 -> 0.23816903 | G43: =E43-C43 -> 0.807 | H43: =D43-E43 -> 6.391 | I43: =H43/(E43-C43) -> 7.9194548 | J43: =H43/(D43-C43) -> 0.88788552 | K43: =H43/G43 -> 7.9194548 | L43: 11.5 | M43: 252.4 | N43: =M43-L43 -> 240.9 | O43: =N43/(1+K43) -> 27.008377 | P43: =O43*1.5 -> 40.512566 | Q43: =O43+P43 -> 67.520943 | R43: =Q43+L43 -> 79.020943 | S43: 80.5 | T43: =S43-L43 -> 69 | U43: =(T43-O43)/O43 -> 1.5547629
A44: AT5_0-40 | B44: P36 | C44: 1.184 | D44: 10.695 | E44: 1.817 | F44: =E44/D44 -> 0.16989247 | G44: =E44-C44 -> 0.633 | H44: =D44-E44 -> 8.878 | I44: =H44/(E44-C44) -> 14.025276 | J44: =H44/(D44-C44) -> 0.93344548 | K44: =H44/G44 -> 14.025276 | L44: 25.8 | M44: 343.4 | N44: =M44-L44 -> 317.6 | O44: =N44/(1+K44) -> 21.137714 | P44: =O44*2.5 -> 52.844286 | Q44: =O44+P44 -> 73.982 | R44: =Q44+L44 -> 99.782 | S44: =83.7-(87.39-82.7)+21.9 -> 100.91 | T44: =S44-L44 -> 75.11 | U44: =(T44-O44)/O44 -> 2.5533643
A45: AT5_50-70 | B45: P37 | C45: 1.18 | D45: 7.975 | E45: 1.633 | F45: =E45/D45 -> 0.20476489 | G45: =E45-C45 -> 0.453 | H45: =D45-E45 -> 6.342 | I45: =H45/(E45-C45) -> 14 | J45: =H45/(D45-C45) -> 0.93333333 | K45: =H45/G45 -> 14 | L45: 12.3 | M45: 244.9 | N45: =M45-L45 -> 232.6 | O45: =N45/(1+K45) -> 15.506667 | P45: =O45*1.5 -> 23.26 | Q45: =O45+P45 -> 38.766667 | R45: =Q45+L45 -> 51.066667 | S45: =57.6-(79.266-73.8) -> 52.134 | T45: =S45-L45 -> 39.834 | U45: =(T45-O45)/O45 -> 1.5688306
A46: AT5_70-90 | B46: P38 | C46: 1.165 | D46: 10.366 | E46: 2.927 | F46: =E46/D46 -> 0.28236543 | G46: =E46-C46 -> 1.762 | H46: =D46-E46 -> 7.439 | I46: =H46/(E46-C46) -> 4.2219069 | J46: =H46/(D46-C46) -> 0.80849908 | K46: =H46/G46 -> 4.2219069 | L46: 11.5 | M46: 214.6 | N46: =M46-L46 -> 203.1 | O46: =N46/(1+K46) -> 38.893838 | P46: =O46*1.5 -> 58.340756 | Q46: =O46+P46 -> 97.234594 | R46: =Q46+L46 -> 108.73459 | S46: =89.4+20.7 -> 110.1 | T46: =S46-L46 -> 98.6 | U46: =(T46-O46)/O46 -> 1.535106
A47: AT5_130-150 | B47: P39 | C47: 1.177 | D47: 9.04 | E47: 1.928 | F47: =E47/D47 -> 0.21327434 | G47: =E47-C47 -> 0.751 | H47: =D47-E47 -> 7.112 | I47: =H47/(E47-C47) -> 9.4700399 | J47: =H47/(D47-C47) -> 0.90448938 | K47: =H47/G47 -> 9.4700399 | L47: 12.2 | M47: 252.2 | N47: =M47-L47 -> 240 | O47: =N47/(1+K47) -> 22.922549 | P47: =O47*1.5 -> 34.383823 | Q47: =O47+P47 -> 57.306372 | R47: =Q47+L47 -> 69.506372 | S47: =72.6-(67.956-65.1) -> 69.744 | T47: =S47-L47 -> 57.544 | U47: =(T47-O47)/O47 -> 1.5103666
A48: AT5_150-170 | B48: P40 | C48: 1.19 | D48: 8.487 | E48: 1.836 | F48: =E48/D48 -> 0.21633086 | G48: =E48-C48 -> 0.646 | H48: =D48-E48 -> 6.651 | I48: =H48/(E48-C48) -> 10.295666 | J48: =H48/(D48-C48) -> 0.91147047 | K48: =H48/G48 -> 10.295666 | L48: 13 | M48: 231.6 | N48: =M48-L48 -> 218.6 | O48: =N48/(1+K48) -> 19.352556 | P48: =O48*1.5 -> 29.028834 | Q48: =O48+P48 -> 48.38139 | R48: =Q48+L48 -> 61.38139 | S48: 61.8 | T48: =S48-L48 -> 48.8 | U48: =(T48-O48)/O48 -> 1.5216308

Sheet 2_Water holding capacity
A1: Water holding capacity
A2: 45603
A3: Put in 5°C on 7.11., 14:30h
A4: Taken out on 8.11., 11:15h
A7: Sample ID | B7: Working ID | C7: Nr. glass | D7: Glass empty [g] | E7: Glass empty + filter dry [g] | F7: Glass empty + filter wet [g] | G7: Weight sample (no glass + filter) [g] | H7: Weight sample wet + glass + filter [g] | I7: Weight sample wet (no glass, filter) [g] | J7: Weight sample after draining + glass + filter [g] | K7: Weight sample after draining (no glass, filter) [g]
A8: AP1_0-20 | B8: P1 | C8: 29 | D8: 13.979 | E8: 13.991 | F8: =D8+0.0865 -> 14.0655 | G8: 0.812 | H8: 16.544 | I8: =H8-F8 -> 2.4785 | J8: 15.503 | K8: =J8-F8 -> 1.4375 | L8: =K8-G8 -> 0.6255
A9: AP1_20-40 | B9: P2 | C9: 30 | D9: 13.944 | E9: 13.956 | F9: =D9+0.0865 -> 14.0305 | G9: 1.128 | H9: 16.597 | I9: =H9-F9 -> 2.5665 | J9: 16.453 | K9: =J9-F9 -> 2.4225 | L9: =K9-G9 -> 1.2945
A10: AP3_0-20 | B10: P11 | C10: 47 | D10: 13.976 | E10: 13.987 | F10: =D10+0.0865 -> 14.0625 | G10: 0.692 | H10: 16 | I10: =H10-F10 -> 1.9375 | J10: 15.672 | K10: =J10-F10 -> 1.6095 | L10: =K10-G10 -> 0.9175
A11: AP3_20-40 | B11: P12 | C11: 49 | D11: 13.959 | E11: 13.971 | F11: =D11+0.0865 -> 14.0455 | G11: 1.363 | H11: 16.951 | I11: =H11-F11 -> 2.9055 | J11: 16.547 | K11: =J11-F11 -> 2.5015 | L11: =K11-G11 -> 1.1385
A17: Water content | M17: Drying of samples for analyses
A18: 45604 | M18: 45608
A19: Put in 105 °C after determination of water holding capacity on 8.11., 11:25h | M19: Weighing of total samples into aluminum bowls and drying
A20: Taken out 11.11.24; 8:00h
A22: Sample ID | B22: Working ID | C22: Weight bowl empty [g] | D22: Fresh weight + bowl [g] | E22: Dry weight + bowl [g] | F22: Dry weight [%] | G22: Dry weight [g] | H22: Absolute mass water [g] | I22: Absolute mass water at max. WHC [g] | J22: gravimetric water content [g/g] | K22: water content at max. WHC [%] | L22: WHC [g/g] | M22: Weight bowl [g] | N22: Total weight sample + bowl [g] | O22: Total weight sample [g] | P22: Total dry weight [g] | Q22: Water content at 150% [g] | R22: Weight of sample at 150% water content [g] | S22: Weight of sample + bowl at 150% water content [g] | T22: Weight of sample + bowl after drying [g] | U22: Weight of sample after drying [g] | V22: Water content [g/g] | W22: Attention: water content of aerobic samples lower after pre-incubation (see table 3)
A23: AP1_0-20 | B23: P1 | C23: =D8 -> 13.979 | D23: =J8 -> 15.503 | E23: 14.158 | F23: =E23/D23 -> 0.9132426 | G23: =E23-C23 -> 0.179 | H23: =G8-G23 -> 0.633 | I23: =D23-E23 -> 1.345 | J23: =H23/G23 -> 3.5363128 | K23: =I23/(D23-C23) -> 0.88254593 | L23: =I23/G23 -> 7.5139665 | M23: 38.9 | N23: 265.1 | O23: =N23-M23 -> 226.2 | P23: =O23/(1+J23) -> 49.864286 | Q23: =P23*1.5 -> 74.796429 | R23: =P23+Q23 -> 124.66071 | S23: =R23+M23 -> 163.56071 | T23: =144.2+20.3 -> 164.5 | U23: =T23-M23 -> 125.6 | V23: =(U23-P23)/P23 -> 1.5188368
A24: AP1_20-40 | B24: P2 | C24: =D9 -> 13.944 | D24: =J9 -> 16.453 | E24: 14.115 | F24: =E24/D24 -> 0.85789826 | G24: =E24-C24 -> 0.171 | H24: =G9-G24 -> 0.957 | I24: =D24-E24 -> 2.338 | J24: =H24/G24 -> 5.5964912 | K24: =I24/(D24-C24) -> 0.93184536 | L24: =I24/G24 -> 13.672515 | M24: 38.4 | N24: 403.1 | O24: =N24-M24 -> 364.7 | P24: =O24/(1+J24) -> 55.286968 | Q24: =P24*1.5 -> 82.930452 | R24: =P24+Q24 -> 138.21742 | S24: =R24+M24 -> 176.61742 | T24: 177.2 | U24: =T24-M24 -> 138.8 | V24: =(U24-P24)/P24 -> 1.5105374
A25: AP3_0-20 | B25: P11 | C25: =D10 -> 13.976 | D25: =J10 -> 15.672 | E25: 14.147 | F25: =E25/D25 -> 0.9026927 | G25: =E25-C25 -> 0.171 | H25: =G10-G25 -> 0.521 | I25: =D25-E25 -> 1.525 | J25: =H25/G25 -> 3.0467836 | K25: =I25/(D25-C25) -> 0.89917453 | L25: =I25/G25 -> 8.9181287 | M25: 39 | N25: 195.7 | O25: =N25-M25 -> 156.7 | P25: =O25/(1+J25) -> 38.72211 | Q25: =P25*1.5 -> 58.083165 | R25: =P25+Q25 -> 96.805275 | S25: =R25+M25 -> 135.80527 | T25: =125.3+11.1 -> 136.4 | U25: =T25-M25 -> 97.4 | V25: =(U25-P25)/P25 -> 1.5153588
A26: AP3_20-40 | B26: P12 | C26: =D11 -> 13.959 | D26: =J11 -> 16.547 | E26: 14.16 | F26: =E26/D26 -> 0.85574424 | G26: =E26-C26 -> 0.201 | H26: =G11-G26 -> 1.162 | I26: =D26-E26 -> 2.387 | J26: =H26/G26 -> 5.7810945 | K26: =I26/(D26-C26) -> 0.92233385 | L26: =I26/G26 -> 11.875622 | M26: 38.4 | N26: 381.5 | O26: =N26-M26 -> 343.1 | P26: =O26/(1+J26) -> 50.596552 | Q26: =P26*1.5 -> 75.894828 | R26: =P26+Q26 -> 126.49138 | S26: =R26+M26 -> 164.89138 | T26: 165.3 | U26: =T26-M26 -> 126.9 | V26: =(U26-P26)/P26 -> 1.5080761

Sheet 3_Pre-incubation
A1: Pre-incubation
A2: 45614
A3: Weighing 10-15 g of samples into 100ml shot-glasses
A4: Incubating at 15 °C
A5: Start aerobic samples: 18.11., 17h/ 19.11., 12.30h (P1, P2, P11, P12, P14, P15, P18, P19, P25, P39)
A6: End aerobic samples: 27.11., 7:30
A7: Start anaerobic samples 19.11., 14h
A8: End anaerobic samples 9.12., 12:55h
A11: Sample ID | B11: Working ID | C11: Incubation ID | D11: O2 conditions | E11: Weight glas (without lid, septum) [g] | F11: Weight sample [g] | G11: Weight sample + glas [g] | H11: Weight sample + glas after pre-incubation [g] | I11: Weight loss [g] | J11: water content before pre-incubation [g/g] | K11: water content after pre-incubation [g/g]
A12: AP1_0-20 | B12: P1 | C12: A1 | D12: aerobic | E12: 145.344 | F12: 14.716 | G12: =E12+F12 -> 160.06 | H12: 159.964 | I12: =G12-H12 -> 0.096 | J12: 1.5188368 | K12: =(J12/G12)*H12 -> 1.5179259
A13: AP1_20-40 | B13: P2 | C13: A2 | D13: aerobic | E13: 148.485 | F13: 12.209 | G13: =E13+F13 -> 160.694 | H13: 160.526 | I13: =G13-H13 -> 0.168 | J13: 1.5105374 | K13: =(J13/G13)*H13 -> 1.5089582
A14: AP1_50-69 | B14: P3 | C14: A3 | D14: aerobic | E14: 146.568 | F14: 16.042 | G14: =E14+F14 -> 162.61 | H14: 162.394 | I14: =G14-H14 -> 0.216 | J14: 1.5318842 | K14: =(J14/G14)*H14 -> 1.5298493
A15: AP1_80-100 | B15: P4 | C15: A4 | D15: aerobic | E15: 145.041 | F15: 15.372 | G15: =E15+F15 -> 160.413 | H15: 160.222 | I15: =G15-H15 -> 0.191 | J15: 1.5675593 | K15: =(J15/G15)*H15 -> 1.5656928
A16: AP1_100-120 | B16: P5 | C16: A5 | D16: aerobic | E16: 146.021 | F16: 15.25 | G16: =E16+F16 -> 161.271 | H16: 161.145 | I16: =G16-H16 -> 0.126 | J16: 1.5120188 | K16: =(J16/G16)*H16 -> 1.5108375
A17: AP2_0-20 | B17: P16 | C17: A6 | D17: aerobic | E17: 144.807 | F17: 15.063 | G17: =E17+F17 -> 159.87 | H17: 159.69 | I17: =G17-H17 -> 0.18 | J17: 1.5096121 | K17: =(J17/G17)*H17 -> 1.5079124
A18: AP2_20-40 | B18: P7 | C18: A7 | D18: aerobic | E18: 144.735 | F18: 15.548 | G18: =E18+F18 -> 160.283 | H18: 160.017 | I18: =G18-H18 -> 0.266 | J18: 1.5013297 | K18: =(J18/G18)*H18 -> 1.4988381
A19: AP2_50-69 | B19: P8 | C19: A8 | D19: aerobic | E19: 144.674 | F19: 15.054 | G19: =E19+F19 -> 159.728 | H19: 159.578 | I19: =G19-H19 -> 0.15 | J19: 1.5697506 | K19: =(J19/G19)*H19 -> 1.5682765
A20: AP2_80-100 | B20: P9 | C20: A9 | D20: aerobic | E20: 147.588 | F20: 14.821 | G20: =E20+F20 -> 162.409 | H20: 162.212 | I20: =G20-H20 -> 0.197 | J20: 1.5319529 | K20: =(J20/G20)*H20 -> 1.5300947
A21: AP2_100-120 | B21: P10 | C21: A10 | D21: aerobic | E21: 144.79 | F21: 14.621 | G21: =E21+F21 -> 159.411 | H21: 159.247 | I21: =G21-H21 -> 0.164 | J21: 1.4987584 | K21: =(J21/G21)*H21 -> 1.4972165
A22: AP3_0-20 | B22: P11 | C22: A11 | D22: aerobic | E22: 145.984 | F22: 12.425 | G22: =E22+F22 -> 158.409 | H22: 158.234 | I22: =G22-H22 -> 0.175 | J22: 1.5153588 | K22: =(J22/G22)*H22 -> 1.5136847
A23: AP3_20-40 | B23: P12 | C23: A12 | D23: aerobic | E23: 145.203 | F23: 12.89 | G23: =E23+F23 -> 158.093 | H23: 157.885 | I23: =G23-H23 -> 0.208 | J23: 1.5080761 | K23: =(J23/G23)*H23 -> 1.5060919
... A39: AT5_150-170 | B39: P40 | C39: A28 | D39: aerobic | E39: 146.143 | F39: 10.815 | G39: =E39+F39 -> 156.958 | H39: 156.684 | I39: =G39-H39 -> 0.274 | J39: 1.5216308 | K39: =(J39/G39)*H39 -> 1.5189745
A40: AT1_0-40 | B40: P21 | C40: A29 | D40: anaerobic | E40: 146.203 | F40: 11.106 | G40: =E40+F40 -> 157.309
A41: AT1_63-83 | B41: P22 | C41: A30 | D41: anaerobic | E41: 145.339 | F41: 14.369 | G41: =E41+F41 -> 159.708
A42: AT1_83-103 | B42: P23 | C42: A31 | D42: anaerobic | E42: 144.727 | F42: 13.231 | G42: =E42+F42 -> 157.958
A43: AT1_143-163 | B43: P24 | C43: A32 | D43: anaerobic | E43: 145.579 | F43: 12.504 | G43: =E43+F43 -> 158.083
A44: AT1_163-183 | B44: P25 | C44: A33 | D44: anaerobic | E44: 145.298 | F44: 12.103 | G44: =E44+F44 -> 157.401
A45: AT2_0-40 | B45: P26 | C45: A34 | D45: anaerobic | E45: 145.633 | F45: 13.076 | G45: =E45+F45 -> 158.709
A46: AT2_43-63 | B46: P27 | C46: A35 | D46: anaerobic | E46: 144.811 | F46: 13.248 | G46: =E46+F46 -> 158.059
A47: AT2_63-83 | B47: P28 | C47: A36 | D47: anaerobic | E47: 145.418 | F47: 16.301 | G47: =E47+F47 -> 161.719
A48: AT2_123-143 | B48: P29 | C48: A37 | D48: anaerobic | E48: 145.367 | F48: 12.224 | G48: =E48+F48 -> 157.591
A49: AT2_143-163 | B49: P30 | C49: A38 | D49: anaerobic | E49: 146.434 | F49: 13.057 | G49: =E49+F49 -> 159.491
A50: AT3_0-40 | B50: P31 | C50: A39 | D50: anaerobic | E50: 145.932 | F50: 14.307 | G50: =E50+F50 -> 160.239
A51: AT3_60-80 | B51: P32 | C51: A40 | D51: anaerobic | E51: 144.817 | F51: 16.312 | G51: =E51+F51 -> 161.129
... A67: AP4_99-120 | B67: P20 | C67: A56 | D67: anaerobic | E67: 145.817 | F67: 9.592 | G67: =E67+F67 -> 155.409

Sheet 4_DNA-Extraction 
A1: DNA-Extraction aerobic | G1: Notes: | H1: exactly 700ul of supernatant could not be taken from all the samples --> in the next steps also not exactly 700ul of sample | V1: DNA-Extraction anaerobic | AE1: Notes: | AF1: exactly 700ul of supernatant could not be taken from all the samples --> in the next steps also not exactly 700ul of sample
A2: 29.11.2024 weighing (samples 1-36) | H2: For samples 17, 18, 23, 24 and additional amount of 300 ul lysing buffer had to be added to get enough supernatant | V2: 19.11.2024 Weighing of ca. 350 mg sample into small glasses, flushing with N2 and pre-incubating at 15 °C | AF2: Extracted DNA samples were still quite dark, especially 69, 70, 71, 72
A3: 2.12.2024 weighing samples (37-56) | H3: Extracted DNA samples were still quite dark, especiall 11, 12, 13, 14, 31, 32, 33, 34 | V3: 3.12.2024, 15:55 start incubation 18O third batch (samples 57-84) | AF3: For purification of 4th batch, 80ul of DNA were added (instead of 70), 240ul of Nal solution were used (instead of 210) and the samples were vortexed instead of shaken
A4: 2.12.2024, 10:56 start incubation 18O first batch (samples 1-28) | V4: 3.12.2024, 15:42 start incubation 16O third batch (samples 57-84)
A5: 2.12.2024, 11:03 start incubation 16O first batch (samples 1-28) | V5: 6.12.2024, 8:09 end of incubation third batch (samples 57-84)
A6: 4.12.2024, 11:01 end of incubation first batch (samples 1-28) | V6: 10.12.2024, 16:07 start incubation 18O fourth batch (samples 85-112)
A7: 5.12.2024, purification first batch | V7: 10.12.2024, 15:47 start incubation 16O fourth batch (samples 85-112)
A8: 3.12.2024, 7:59 start incubation 18O second batch (sampes 29-56) | V8: 13.12.2024, 8:04 end of incubation fourth batch (samples 85-112)
A9: 3.12.2024, 8:08 start of incubation 16O second batch (samples 29-56)
A10: 5.12.2024, 8:01 end of incubation second batch (samples 29-56)
A11: 11.12.2024, 8:00 start incubation 18O sample 36
A12: 11.12.2024, 8:01 start incubation 16O sample 35
A13: 13.12.2024, 8:04 end incubation sample 35, 36
Q15: Purification | AO15: Purification
A16: Sample ID | B16: Working ID | C16: Incubation ID | D16: O2 conditions | E16: DNA ID | F16: DNA ID 2 | G16: 18O Label | H16: Weight [g] | I16: Weight [mg] | J16: Water content [g/g] | K16: Dry weight [g] | L16: Water [g] | M16: 18O/16O addition [ul] | N16: Weight E-tube empty [g] | O16: Weight E-tube after extraction [g] | P16: Weight extracted DNA [g] | Q16: Weight E-tube empty [g] | R16: Weight E-tube after purification [g] | S16: Weight DNA [g] | V16: Sample ID | W16: Working ID | X16: Incubation ID | Y16: O2 conditions | Z16: DNA ID | AA16: DNA ID 2 | AB16: 18O Label | AC16: Weight pre-incubation [g] | AD16: Water content [g/g] | AE16: Dry weight [g] | AF16: Water [g] | AG16: 18O/16O addition [ul] | AH16: Weight after incubation total (in correct tubes for extraction, including added water) [g] | AI16: Weight after incubation only soil (no 18O/16O addition) [g] | AJ16: Weight after incubation only soil (no 18O/16O addition) [mg] | AK16: Dry weight after incubation (in correct tubes for extraction, including added water) [g] | AL16: Weight E-tube empty [g] | AM16: Weight E-tube after extraction [g] | AN16: Weight extracted DNA [g] | AO16: Weight E-tube empty [g] | AP16: Weight E-tube after purification [g] | AQ16: Weight DNA [g]
A17: AP1_0-20 | B17: P1 | C17: A1 | D17: aerobic | E17: A1 | F17: 1 | G17: No | H17: 0.3503 | I17: =H17*1000 -> 350.3 | J17: ='3_Pre-incubation'!K12 -> 1.5179259 | K17: =H17/(1+J17) -> 0.13912244 | L17: =K17*J17 -> 0.21117756 | M17: 150 | N17: 0.9832 | O17: 1.0759 | P17: =O17-N17 -> 0.0927 | Q17: 0.9722 | R17: 1.0172 | S17: =R17-Q17 -> 0.045 | V17: AT1_0-40 | W17: P21 | X17: A29 | Y17: anaerobic | Z17: A29 | AA17: 57 | AB17: No | AC17: 0.3538 | AD17: 2.5392545 | AE17: =AC17/(1+AD17) -> 0.099964554 | AF17: =AE17*AD17 -> 0.25383545 | AG17: 149 | AH17: 0.3665 | AI17: =AH17-((AG17/1000)/(AC17+AG17/1000))*AH17 -> 0.25789121 | AJ17: =AI17*1000 -> 257.89121 | AK17: =((AH17)-((AG17/1000)/(AE17+AF17+AG17/1000)*AH17))/(1+AD17) -> 0.072865968 | AL17: 0.9808 | AM17: 1.0758 | AN17: =AM17-AL17 -> 0.095 | AO17: 0.9791 | AP17: 1.0268 | AQ17: =AP17-AO17 -> 0.0477
A18: AP1_0-20 | B18: P1 | C18: A1 | D18: aerobic | E18: A1 x | F18: 2 | G18: Yes | H18: 0.3607 | I18: =H18*1000 -> 360.7 | J18: =J17 -> 1.5179259 | K18: =H18/(1+J18) -> 0.14325283 | L18: =K18*J18 -> 0.21744717 | M18: 150 | N18: 0.9856 | O18: 1.0884 | P18: =O18-N18 -> 0.1028 | Q18: 0.9827 | R18: 1.0285 | S18: =R18-Q18 -> 0.0458 | V18: AT1_0-40 | W18: P21 | X18: A29 | Y18: anaerobic | Z18: A29 x | AA18: 58 | AB18: Yes | AC18: =0.3865-0.0214 -> 0.3651 | AD18: 2.5392545 | AE18: =AC18/(1+AD18) -> 0.10315732 | AF18: =AE18*AD18 -> 0.26194268 | AG18: 162 | AH18: 0.3541 | AI18: =AH18-((AG18/1000)/(AC18+AG18/1000))*AH18 -> 0.24527018 | AJ18: =AI18*1000 -> 245.27018 | AK18: =((AH18)-((AG18/1000)/(AE18+AF18+AG18/1000)*AH18))/(1+AD18) -> 0.069299954 | AL18: 0.9817 | AM18: 1.0781 | AN18: =AM18-AL18 -> 0.0964 | AO18: 0.9796 | AP18: 1.0274 | AQ18: =AP18-AO18 -> 0.0478
A19: AP1_20-40 | B19: P2 | C19: A2 | D19: aerobic | E19: A2 | F19: 3 | G19: No | H19: 0.3546 | I19: =H19*1000 -> 354.6 | J19: ='3_Pre-incubation'!K13 -> 1.5089582 | K19: =H19/(1+J19) -> 0.14133356 | L19: =K19*J19 -> 0.21326644 | M19: 150 | N19: 0.9772 | O19: 1.0756 | P19: =O19-N19 -> 0.0984 | Q19: 0.9834 | R19: 1.0307 | S19: =R19-Q19 -> 0.0473 | V19: AT1_63-83 | W19: P22 | X19: A30 | Y19: anaerobic | Z19: A30 | AA19: 59 | AB19: No | AC19: 0.375 | AD19: 1.5003687 | AE19: =AC19/(1+AD19) -> 0.14997788 | AF19: =AE19*AD19 -> 0.22502212 | AG19: 147 | AH19: 0.4165 | AI19: =AH19-((AG19/1000)/(AC19+AG19/1000))*AH19 -> 0.29920977 | AJ19: =AI19*1000 -> 299.20977 | AK19: =((AH19)-((AG19/1000)/(AE19+AF19+AG19/1000)*AH19))/(1+AD19) -> 0.11966626 | AL19: 0.9833 | AM19: 1.0786 | AN19: =AM19-AL19 -> 0.0953 | AO19: 0.986 | AP19: 1.0345 | AQ19: =AP19-AO19 -> 0.0485
A20: AP1_20-40 | B20: P2 | C20: A2 | D20: aerobic | E20: A2 x | F20: 4 | G20: Yes | H20: 0.3539 | I20: =H20*1000 -> 353.9 | J20: =J19 -> 1.5089582 | K20: =H20/(1+J20) -> 0.14105456 | L20: =K20*J20 -> 0.21284544 | M20: 150 | N20: 0.9766 | O20: 1.0686 | P20: =O20-N20 -> 0.092 | Q20: 0.9825 | R20: 1.0278 | S20: =R20-Q20 -> 0.0453 | V20: AT1_63-83 | W20: P22 | X20: A30 | Y20: anaerobic | Z20: A30 x | AA20: 60 | AB20: Yes | AC20: =0.398-0.0362 -> 0.3618 | AD20: 1.5003687 | AE20: =AC20/(1+AD20) -> 0.14469866 | AF20: =AE20*AD20 -> 0.21710134 | AG20: 135 | AH20: 0.4134 | AI20: =AH20-((AG20/1000)/(AC20+AG20/1000))*AH20 -> 0.30106304 | AJ20: =AI20*1000 -> 301.06304 | AK20: =((AH20)-((AG20/1000)/(AE20+AF20+AG20/1000)*AH20))/(1+AD20) -> 0.12040746 | AL20: 0.9755 | AM20: 1.0706 | AN20: =AM20-AL20 -> 0.0951 | AO20: 0.9825 | AP20: 1.0306 | AQ20: =AP20-AO20 -> 0.0481
A21: AP1_50-69 | B21: P3 | C21: A3 | D21: aerobic | E21: A3 | F21: 5 | G21: No | H21: 0.3554 | I21: =H21*1000 -> 355.4 | J21: ='3_Pre-incubation'!K14 -> 1.5298493 | K21: =H21/(1+J21) -> 0.14048268 | L21: =K21*J21 -> 0.21491732 | M21: 150 | N21: 0.9837 | O21: 1.0749 | P21: =O21-N21 -> 0.0912 | Q21: 0.9791 | R21: 1.025 | S21: =R21-Q21 -> 0.0459 | V21: AT1_83-103 | W21: P23 | X21: A31 | Y21: anaerobic | Z21: A31 | AA21: 61 | AB21: No | AC21: 0.3735 | AD21: 1.5225886 | AE21: =AC21/(1+AD21) -> 0.1480622 | AF21: =AE21*AD21 -> 0.2254378 | AG21: 145 | AH21: 0.3648 | AI21: =AH21-((AG21/1000)/(AC21+AG21/1000))*AH21 -> 0.26278264 | AJ21: =AI21*1000 -> 262.78264 | AK21: =((AH21)-((AG21/1000)/(AE21+AF21+AG21/1000)*AH21))/(1+AD21) -> 0.10417182 | AL21: 0.9822 | AM21: 1.0778 | AN21: =AM21-AL21 -> 0.0956 | AO21: 0.9824 | AP21: 1.0303 | AQ21: =AP21-AO21 -> 0.0479
A22: AP1_50-69 | B22: P3 | C22: A3 | D22: aerobic | E22: A3 x | F22: 6 | G22: Yes | H22: 0.3558 | I22: =H22*1000 -> 355.8 | J22: =J21 -> 1.5298493 | K22: =H22/(1+J22) -> 0.14064079 | L22: =K22*J22 -> 0.21515921 | M22: 150 | N22: 0.9817 | O22: 1.0731 | P22: =O22-N22 -> 0.0914 | Q22: 0.9799 | R22: 1.0267 | S22: =R22-Q22 -> 0.0468 | V22: AT1_83-103 | W22: P23 | X22: A31 | Y22: anaerobic | Z22: A31 x | AA22: 62 | AB22: Yes | AC22: 0.3603 | AD22: 1.5225886 | AE22: =AC22/(1+AD22) -> 0.14282948 | AF22: =AE22*AD22 -> 0.21747052 | AG22: 162 | AH22: 0.3848 | AI22: =AH22-((AG22/1000)/(AC22+AG22/1000))*AH22 -> 0.2654479 | AJ22: =AI22*1000 -> 265.4479 | AK22: =((AH22)-((AG22/1000)/(AE22+AF22+AG22/1000)*AH22))/(1+AD22) -> 0.10522838 | AL22: 0.9821 | AM22: 1.0769 | AN22: =AM22-AL22 -> 0.0948 | AO22: 0.9799 | AP22: 1.0276 | AQ22: =AP22-AO22 -> 0.0477
A23: AP1_80-100 | B23: P4 | C23: A4 | D23: aerobic | E23: A4 | F23: 7 | G23: No | H23: 0.3529 | I23: =H23*1000 -> 352.9 | J23: ='3_Pre-incubation'!K15 -> 1.5656928 | K23: =H23/(1+J23) -> 0.13754569 | L23: =K23*J23 -> 0.21535431 | M23: 150 | N23: 0.9809 | O23: 1.0745 | P23: =O23-N23 -> 0.0936 | Q23: 0.9803 | R23: 1.0265 | S23: =R23-Q23 -> 0.0462 | V23: AT1_143-163 | W23: P24 | X23: A32 | Y23: anaerobic | Z23: A32 | AA23: 63 | AB23: No | AC23: 0.373 | AD23: 1.5093454 | AE23: =AC23/(1+AD23) -> 0.14864434 | AF23: =AE23*AD23 -> 0.22435566 | AG23: 148 | AH23: 0.3617 | AI23: =AH23-((AG23/1000)/(AC23+AG23/1000))*AH23 -> 0.25895221 | AJ23: =AI23*1000 -> 258.95221 | AK23: =((AH23)-((AG23/1000)/(AE23+AF23+AG23/1000)*AH23))/(1+AD23) -> 0.10319512 | AL23: 0.9827 | AM23: 1.0781 | AN23: =AM23-AL23 -> 0.0954 | AO23: 0.9791 | AP23: 1.0267 | AQ23: =AP23-AO23 -> 0.0476
A24: AP1_80-100 | B24: P4 | C24: A4 | D24: aerobic | E24: A4 x | F24: 8 | G24: Yes | H24: 0.3472 | I24: =H24*1000 -> 347.2 | J24: =J23 -> 1.5656928 | K24: =H24/(1+J24) -> 0.13532407 | L24: =K24*J24 -> 0.21187593 | M24: 150 | N24: 0.9789 | O24: 1.0713 | P24: =O24-N24 -> 0.0924 | Q24: 0.9825 | R24: 1.0297 | S24: =R24-Q24 -> 0.0472 | V24: AT1_143-163 | W24: P24 | X24: A32 | Y24: anaerobic | Z24: A32 x | AA24: 64 | AB24: Yes | AC24: 0.364 | AD24: 1.5093454 | AE24: =AC24/(1+AD24) -> 0.14505775 | AF24: =AE24*AD24 -> 0.21894225 | AG24: 134 | AH24: 0.3506 | AI24: =AH24-((AG24/1000)/(AC24+AG24/1000))*AH24 -> 0.25626185 | AJ24: =AI24*1000 -> 256.26185 | AK24: =((AH24)-((AG24/1000)/(AE24+AF24+AG24/1000)*AH24))/(1+AD24) -> 0.10212299 | AL24: 0.9803 | AM24: 1.0763 | AN24: =AM24-AL24 -> 0.096 | AO24: 0.9794 | AP24: 1.0272 | AQ24: =AP24-AO24 -> 0.0478
A25: AP1_100-120 | B25: P5 | C25: A5 | D25: aerobic | E25: A5 | F25: 9 | G25: No | H25: 0.3494 | I25: =H25*1000 -> 349.4 | J25: ='3_Pre-incubation'!K16 -> 1.5108375 | K25: =H25/(1+J25) -> 0.13915676 | L25: =K25*J25 -> 0.21024324 | M25: 150 | N25: 0.9811 | O25: 1.0745 | P25: =O25-N25 -> 0.0934 | Q25: 0.986 | R25: 1.0326 | S25: =R25-Q25 -> 0.0466 | V25: AT1_163-183 | W25: P25 | X25: A33 | Y25: anaerobic | Z25: A33 | AA25: 65 | AB25: No | AC25: 0.3642 | AD25: 1.5172987 | AE25: =AC25/(1+AD25) -> 0.1446789 | AF25: =AE25*AD25 -> 0.2195211 | AG25: 151 | AH25: 0.3983 | AI25: =AH25-((AG25/1000)/(AC25+AG25/1000))*AH25 -> 0.28156223 | AJ25: =AI25*1000 -> 281.56223 | AK25: =((AH25)-((AG25/1000)/(AE25+AF25+AG25/1000)*AH25))/(1+AD25) -> 0.11185094 | AL25: 0.9798 | AM25: 1.0752 | AN25: =AM25-AL25 -> 0.0954 | AO25: 0.9857 | AP25: 1.0331 | AQ25: =AP25-AO25 -> 0.0474
A26: AP1_100-120 | B26: P5 | C26: A5 | D26: aerobic | E26: A5 x | F26: 10 | G26: Yes | H26: 0.3533 | I26: =H26*1000 -> 353.3 | J26: =J25 -> 1.5108375 | K26: =H26/(1+J26) -> 0.14071002 | L26: =K26*J26 -> 0.21258998 | M26: 150 | N26: 0.9808 | O26: 1.074 | P26: =O26-N26 -> 0.0932 | Q26: 0.982 | R26: 1.0302 | S26: =R26-Q26 -> 0.0482 | V26: AT1_163-183 | W26: P25 | X26: A33 | Y26: anaerobic | Z26: A33 x | AA26: 66 | AB26: Yes | AC26: =0.3767-0.0106 -> 0.3661 | AD26: 1.5172987 | AE26: =AC26/(1+AD26) -> 0.14543367 | AF26: =AE26*AD26 -> 0.22066633 | AG26: 130 | AH26: 0.4195 | AI26: =AH26-((AG26/1000)/(AC26+AG26/1000))*AH26 -> 0.30957257 | AJ26: =AI26*1000 -> 309.57257 | AK26: =((AH26)-((AG26/1000)/(AE26+AF26+AG26/1000)*AH26))/(1+AD26) -> 0.12297808 | AL26: 0.985 | AM26: 1.0795 | AN26: =AM26-AL26 -> 0.0945 | AO26: 0.9727 | AP26: 1.0195 | AQ26: =AP26-AO26 -> 0.0468
A27: AP2_0-20 | B27: P16 | C27: A6 | D27: aerobic | E27: A6 | F27: 11 | G27: No | H27: 0.3559 | I27: =H27*1000 -> 355.9 | J27: ='3_Pre-incubation'!K17 -> 1.5079124 | K27: =H27/(1+J27) -> 0.14191086 | L27: =K27*J27 -> 0.21398914 | M27: 150 | N27: 0.9837 | O27: 1.0744 | P27: =O27-N27 -> 0.0907 | Q27: 0.9732 | R27: 1.0193 | S27: =R27-Q27 -> 0.0461 | V27: AT2_0-40 | W27: P26 | X27: A34 | Y27: anaerobic | Z27: A34 | AA27: 67 | AB27: No | AC27: 0.3721 | AD27: 2.5447385 | AE27: =AC27/(1+AD27) -> 0.10497248 | AF27: =AE27*AD27 -> 0.26712752 | AG27: 148 | AH27: 0.4126 | AI27: =AH27-((AG27/1000)/(AC27+AG27/1000))*AH27 -> 0.29519027 | AJ27: =AI27*1000 -> 295.19027 | AK27: =((AH27)-((AG27/1000)/(AE27+AF27+AG27/1000)*AH27))/(1+AD27) -> 0.083275612 | AL27: 0.9857 | AM27: 1.0797 | AN27: =AM27-AL27 -> 0.094 | AO27: 0.9824 | AP27: 1.0294 | AQ27: =AP27-AO27 -> 0.047
A28: AP2_0-20 | B28: P16 | C28: A6 | D28: aerobic | E28: A6 x | F28: 12 | G28: Yes | H28: 0.3522 | I28: =H28*1000 -> 352.2 | J28: =J27 -> 1.5079124 | K28: =H28/(1+J28) -> 0.14043553 | L28: =K28*J28 -> 0.21176447 | M28: 150 | N28: 0.9835 | O28: 1.0734 | P28: =O28-N28 -> 0.0899 | Q28: 0.9801 | R28: 1.0293 | S28: =R28-Q28 -> 0.0492 | V28: AT2_0-40 | W28: P26 | X28: A34 | Y28: anaerobic | Z28: A34 x | AA28: 68 | AB28: Yes | AC28: 0.369 | AD28: 2.5447385 | AE28: =AC28/(1+AD28) -> 0.10409795 | AF28: =AE28*AD28 -> 0.26490205 | AG28: 139 | AH28: 0.4454 | AI28: =AH28-((AG28/1000)/(AC28+AG28/1000))*AH28 -> 0.32352874 | AJ28: =AI28*1000 -> 323.52874 | AK28: =((AH28)-((AG28/1000)/(AE28+AF28+AG28/1000)*AH28))/(1+AD28) -> 0.091270129 | AL28: 0.9767 | AM28: 1.0734 | AN28: =AM28-AL28 -> 0.0967 | AO28: 0.9772 | AP28: 1.0248 | AQ28: =AP28-AO28 -> 0.0476
A29: AP2_20-40 | B29: P7 | C29: A7 | D29: aerobic | E29: A7 | F29: 13 | G29: No | H29: 0.3544 | I29: =H29*1000 -> 354.4 | J29: ='3_Pre-incubation'!K18 -> 1.4988381 | K29: =H29/(1+J29) -> 0.14182591 | L29: =K29*J29 -> 0.21257409 | M29: 150 | N29: 0.9868 | O29: 1.0786 | P29: =O29-N29 -> 0.0918 | Q29: 0.9782 | R29: 1.0235 | S29: =R29-Q29 -> 0.0453 | V29: AT2_43-63 | W29: P27 | X29: A35 | Y29: anaerobic | Z29: A35 | AA29: 69 | AB29: No | AC29: 0.369 | AD29: 1.5465138 | AE29: =AC29/(1+AD29) -> 0.14490399 | AF29: =AE29*AD29 -> 0.22409601 | AG29: 145 | AH29: 0.377 | AI29: =AH29-((AG29/1000)/(AC29+AG29/1000))*AH29 -> 0.27064786 | AJ29: =AI29*1000 -> 270.64786 | AK29: =((AH29)-((AG29/1000)/(AE29+AF29+AG29/1000)*AH29))/(1+AD29) -> 0.10628172 | AL29: 0.9817 | AM29: 1.0727 | AN29: =AM29-AL29 -> 0.091 | AO29: 0.9793 | AP29: 1.022 | AQ29: =AP29-AO29 -> 0.0427
A30: AP2_20-40 | B30: P7 | C30: A7 | D30: aerobic | E30: A7 x | F30: 14 | G30: Yes | H30: 0.3454 | I30: =H30*1000 -> 345.4 | J30: =J29 -> 1.4988381 | K30: =H30/(1+J30) -> 0.13822424 | L30: =K30*J30 -> 0.20717576 | M30: 150 | N30: 0.9847 | O30: 1.0758 | P30: =O30-N30 -> 0.0911 | Q30: 0.977 | R30: 1.0243 | S30: =R30-Q30 -> 0.0473 | V30: AT2_43-63 | W30: P27 | X30: A35 | Y30: anaerobic | Z30: A35 x | AA30: 70 | AB30: Yes | AC30: 0.359 | AD30: 1.5465138 | AE30: =AC30/(1+AD30) -> 0.14097705 | AF30: =AE30*AD30 -> 0.21802295 | AG30: 140 | AH30: 0.38 | AI30: =AH30-((AG30/1000)/(AC30+AG30/1000))*AH30 -> 0.27338677 | AJ30: =AI30*1000 -> 273.38677 | AK30: =((AH30)-((AG30/1000)/(AE30+AF30+AG30/1000)*AH30))/(1+AD30) -> 0.10735727 | AL30: 0.9849 | AM30: 1.0765 | AN30: =AM30-AL30 -> 0.0916 | AO30: 0.979 | AP30: 1.0278 | AQ30: =AP30-AO30 -> 0.0488
A31: AP2_50-69 | B31: P8 | C31: A8 | D31: aerobic | E31: A8 | F31: 15 | G31: No | H31: 0.3518 | I31: =H31*1000 -> 351.8 | J31: ='3_Pre-incubation'!K19 -> 1.5682765 | K31: =H31/(1+J31) -> 0.13697902 | L31: =K31*J31 -> 0.21482098 | M31: 150 | N31: 0.9836 | O31: 1.0788 | P31: =O31-N31 -> 0.0952 | Q31: 0.9765 | R31: 1.0238 | S31: =R31-Q31 -> 0.0473 | V31: AT2_63-83 | W31: P28 | X31: A36 | Y31: anaerobic | Z31: A36 | AA31: 71 | AB31: No | AC31: 0.369 | AD31: 1.5312292 | AE31: =AC31/(1+AD31) -> 0.14577898 | AF31: =AE31*AD31 -> 0.22322102 | AG31: 148 | AH31: 0.3563 | AI31: =AH31-((AG31/1000)/(AC31+AG31/1000))*AH31 -> 0.25430309 | AJ31: =AI31*1000 -> 254.30309 | AK31: =((AH31)-((AG31/1000)/(AE31+AF31+AG31/1000)*AH31))/(1+AD31) -> 0.10046625 | AL31: 0.9801 | AM31: 1.0729 | AN31: =AM31-AL31 -> 0.0928 | AO31: 0.9794 | AP31: 1.0287 | AQ31: =AP31-AO31 -> 0.0493
A32: AP2_50-69 | B32: P8 | C32: A8 | D32: aerobic | E32: A8 x | F32: 16 | G32: Yes | H32: 0.3492 | I32: =H32*1000 -> 349.2 | J32: =J31 -> 1.5682765 | K32: =H32/(1+J32) -> 0.13596667 | L32: =K32*J32 -> 0.21323333 | M32: 150 | N32: 0.9862 | O32: 1.0794 | P32: =O32-N32 -> 0.0932 | Q32: 0.982 | R32: 1.0289 | S32: =R32-Q32 -> 0.0469 | V32: AT2_63-83 | W32: P28 | X32: A36 | Y32: anaerobic | Z32: A36 x | AA32: 72 | AB32: Yes | AC32: =0.373-0.0117 -> 0.3613 | AD32: 1.5312292 | AE32: =AC32/(1+AD32) -> 0.14273698 | AF32: =AE32*AD32 -> 0.21856302 | AG32: 140 | AH32: 0.375 | AI32: =AH32-((AG32/1000)/(AC32+AG32/1000))*AH32 -> 0.27027229 | AJ32: =AI32*1000 -> 270.27229 | AK32: =((AH32)-((AG32/1000)/(AE32+AF32+AG32/1000)*AH32))/(1+AD32) -> 0.10677512 | AL32: 0.9848 | AM32: 1.0776 | AN32: =AM32-AL32 -> 0.0928 | AO32: 0.9843 | AP32: 1.0312 | AQ32: =AP32-AO32 -> 0.0469
A33: AP2_80-100 | B33: P9 | C33: A9 | D33: aerobic | E33: A9 | F33: 17 | G33: No | H33: 0.3489 | I33: =H33*1000 -> 348.9 | J33: ='3_Pre-incubation'!K20 -> 1.5300947 | K33: =H33/(1+J33) -> 0.13789998 | L33: =K33*J33 -> 0.21100002 | M33: 150 | N33: 0.9777 | O33: 1.0712 | P33: =O33-N33 -> 0.0935 | Q33: 0.9797 | R33: 1.0267 | S33: =R33-Q33 -> 0.047 | V33: AT2_123-143 | W33: P29 | X33: A37 | Y33: anaerobic | Z33: A37 | AA33: 73 | AB33: No | AC33: 0.3614 | AD33: 1.5484277 | AE33: =AC33/(1+AD33) -> 0.14181293 | AF33: =AE33*AD33 -> 0.21958707 | AG33: 168 | AH33: 0.3559 | AI33: =AH33-((AG33/1000)/(AC33+AG33/1000))*AH33 -> 0.24295856 | AJ33: =AI33*1000 -> 242.95856 | AK33: =((AH33)-((AG33/1000)/(AE33+AF33+AG33/1000)*AH33))/(1+AD33) -> 0.09533665 | AL33: 0.9726 | AM33: 1.0682 | AN33: =AM33-AL33 -> 0.0956 | AO33: 0.9792 | AP33: 1.0272 | AQ33: =AP33-AO33 -> 0.048
A34: AP2_80-100 | B34: P9 | C34: A9 | D34: aerobic | E34: A9 x | F34: 18 | G34: Yes | H34: 0.3458 | I34: =H34*1000 -> 345.8 | J34: =J33 -> 1.5300947 | K34: =H34/(1+J34) -> 0.13667473 | L34: =K34*J34 -> 0.20912527 | M34: 150 | N34: 0.9807 | O34: 1.0758 | P34: =O34-N34 -> 0.0951 | Q34: 0.9761 | R34: 1.0231 | S34: =R34-Q34 -> 0.047 | V34: AT2_123-143 | W34: P29 | X34: A37 | Y34: anaerobic | Z34: A37 x | AA34: 74 | AB34: Yes | AC34: =0.3739-0.0094 -> 0.3645 | AD34: 1.5484277 | AE34: =AC34/(1+AD34) -> 0.14302937 | AF34: =AE34*AD34 -> 0.22147063 | AG34: 131 | AH34: 0.3906 | AI34: =AH34-((AG34/1000)/(AC34+AG34/1000))*AH34 -> 0.2873334 | AJ34: =AI34*1000 -> 287.3334 | AK34: =((AH34)-((AG34/1000)/(AE34+AF34+AG34/1000)*AH34))/(1+AD34) -> 0.11274929 | AL34: 0.9832 | AM34: 1.0788 | AN34: =AM34-AL34 -> 0.0956 | AO34: 0.9797 | AP34: 1.0283 | AQ34: =AP34-AO34 -> 0.0486
A35: AP2_100-120 | B35: P10 | C35: A10 | D35: aerobic | E35: A10 | F35: 19 | G35: No | H35: 0.3539 | I35: =H35*1000 -> 353.9 | J35: ='3_Pre-incubation'!K21 -> 1.4972165 | K35: =H35/(1+J35) -> 0.14171779 | L35: =K35*J35 -> 0.21218221 | M35: 150 | N35: 0.9736 | O35: 1.0672 | P35: =O35-N35 -> 0.0936 | Q35: 0.9824 | R35: 1.0293 | S35: =R35-Q35 -> 0.0469 | V35: AT2_143-163 | W35: P30 | X35: A38 | Y35: anaerobic | Z35: A38 | AA35: 75 | AB35: No | AC35: =0.3824-0.0207 -> 0.3617 | AD35: 1.5504667 | AE35: =AC35/(1+AD35) -> 0.14181718 | AF35: =AE35*AD35 -> 0.21988282 | AG35: 139 | AH35: 0.3842 | AI35: =AH35-((AG35/1000)/(AC35+AG35/1000))*AH35 -> 0.27754172 | AJ35: =AI35*1000 -> 277.54172 | AK35: =((AH35)-((AG35/1000)/(AE35+AF35+AG35/1000)*AH35))/(1+AD35) -> 0.10881997 | AL35: 0.9851 | AM35: 1.0806 | AN35: =AM35-AL35 -> 0.0955 | AO35: 0.9835 | AP35: 1.0317 | AQ35: =AP35-AO35 -> 0.0482
A36: AP2_100-120 | B36: P10 | C36: A10 | D36: aerobic | E36: A10 x | F36: 20 | G36: Yes | H36: 0.3495 | I36: =H36*1000 -> 349.5 | J36: =J35 -> 1.4972165 | K36: =H36/(1+J36) -> 0.13995583 | L36: =K36*J36 -> 0.20954417 | M36: 150 | N36: 0.9806 | O36: 1.0736 | P36: =O36-N36 -> 0.093 | Q36: 0.983 | R36: 1.0308 | S36: =R36-Q36 -> 0.0478 | V36: AT2_143-163 | W36: P30 | X36: A38 | Y36: anaerobic | Z36: A38 x | AA36: 76 | AB36: Yes | AC36: 0.3551 | AD36: 1.5504667 | AE36: =AC36/(1+AD36) -> 0.13922942 | AF36: =AE36*AD36 -> 0.21587058 | AG36: 141 | AH36: 0.3623 | AI36: =AH36-((AG36/1000)/(AC36+AG36/1000))*AH36 -> 0.25932822 | AJ36: =AI36*1000 -> 259.32822 | AK36: =((AH36)-((AG36/1000)/(AE36+AF36+AG36/1000)*AH36))/(1+AD36) -> 0.10167873 | AL36: 0.9818 | AM36: 1.0766 | AN36: =AM36-AL36 -> 0.0948 | AO36: 0.9822 | AP36: 1.0311 | AQ36: =AP36-AO36 -> 0.0489
A37: AP3_0-20 | B37: P11 | C37: A11 | D37: aerobic | E37: A11 | F37: 21 | G37: No | H37: 0.3481 | I37: =H37*1000 -> 348.1 | J37: ='3_Pre-incubation'!K22 -> 1.5136847 | K37: =H37/(1+J37) -> 0.13848196 | L37: =K37*J37 -> 0.20961804 | M37: 150 | N37: 0.981 | O37: 1.0749 | P37: =O37-N37 -> 0.0939 | Q37: 0.9811 | R37: 1.0279 | S37: =R37-Q37 -> 0.0468 | V37: AT3_0-40 | W37: P31 | X37: A39 | Y37: anaerobic | Z37: A39 | AA37: 77 | AB37: No | AC37: =0.3886-0.0272 -> 0.3614 | AD37: 2.519805 | AE37: =AC37/(1+AD37) -> 0.10267614 | AF37: =AE37*AD37 -> 0.25872386 | AG37: 153 | AH37: 0.3771 | AI37: =AH37-((AG37/1000)/(AC37+AG37/1000))*AH37 -> 0.26493767 | AJ37: =AI37*1000 -> 264.93767 | AK37: =((AH37)-((AG37/1000)/(AE37+AF37+AG37/1000)*AH37))/(1+AD37) -> 0.075270555 | AL37: 0.9778 | AM37: 1.0734 | AN37: =AM37-AL37 -> 0.0956 | AO37: 0.9855 | AP37: 1.0353 | AQ37: =AP37-AO37 -> 0.0498
A38: AP3_0-20 | B38: P11 | C38: A11 | D38: aerobic | E38: A11 x | F38: 22 | G38: Yes | H38: 0.3561 | I38: =H38*1000 -> 356.1 | J38: =J37 -> 1.5136847 | K38: =H38/(1+J38) -> 0.14166454 | L38: =K38*J38 -> 0.21443546 | M38: 150 | N38: 0.9781 | O38: 1.0767 | P38: =O38-N38 -> 0.0986 | Q38: 0.9822 | R38: 1.0293 | S38: =R38-Q38 -> 0.0471 | V38: AT3_0-40 | W38: P31 | X38: A39 | Y38: anaerobic | Z38: A39 x | AA38: 78 | AB38: Yes | AC38: =0.3746-0.0118 -> 0.3628 | AD38: 2.519805 | AE38: =AC38/(1+AD38) -> 0.10307389 | AF38: =AE38*AD38 -> 0.25972611 | AG38: 160 | AH38: 0.3666 | AI38: =AH38-((AG38/1000)/(AC38+AG38/1000))*AH38 -> 0.25440413 | AJ38: =AI38*1000 -> 254.40413 | AK38: =((AH38)-((AG38/1000)/(AE38+AF38+AG38/1000)*AH38))/(1+AD38) -> 0.072277905 | AL38: 0.9815 | AM38: 1.077 | AN38: =AM38-AL38 -> 0.0955 | AO38: 0.9806 | AP38: 1.0289 | AQ38: =AP38-AO38 -> 0.0483
A39: AP3_20-40 | B39: P12 | C39: A12 | D39: aerobic | E39: A12 | F39: 23 | G39: No | H39: 0.3523 | I39: =H39*1000 -> 352.3 | J39: ='3_Pre-incubation'!K23 -> 1.5060919 | K39: =H39/(1+J39) -> 0.14057745 | L39: =K39*J39 -> 0.21172255 | M39: 150 | N39: 0.9821 | O39: 1.0737 | P39: =O39-N39 -> 0.0916 | Q39: 0.9757 | R39: 1.0223 | S39: =R39-Q39 -> 0.0466 | V39: AT3_60-80 | W39: P32 | X39: A40 | Y39: anaerobic | Z39: A40 | AA39: 79 | AB39: No | AC39: =0.3874-0.0238 -> 0.3636 | AD39: 1.5365613 | AE39: =AC39/(1+AD39) -> 0.14334367 | AF39: =AE39*AD39 -> 0.22025633 | AG39: 151 | AH39: 0.3748 | AI39: =AH39-((AG39/1000)/(AC39+AG39/1000))*AH39 -> 0.26482176 | AJ39: =AI39*1000 -> 264.82176 | AK39: =((AH39)-((AG39/1000)/(AE39+AF39+AG39/1000)*AH39))/(1+AD39) -> 0.10440188 | AL39: 0.9864 | AM39: 1.0804 | AN39: =AM39-AL39 -> 0.094 | AO39: 0.9749 | AP39: 1.0234 | AQ39: =AP39-AO39 -> 0.0485
A40: AP3_20-40 | B40: P12 | C40: A12 | D40: aerobic | E40: A12 x | F40: 24 | G40: Yes | H40: 0.3502 | I40: =H40*1000 -> 350.2 | J40: =J39 -> 1.5060919 | K40: =H40/(1+J40) -> 0.13973949 | L40: =K40*J40 -> 0.21046051 | M40: 150 | N40: 0.9806 | O40: 1.0726 | P40: =O40-N40 -> 0.092 | Q40: 0.9834 | R40: 1.0297 | S40: =R40-Q40 -> 0.0463 | V40: AT3_60-80 | W40: P32 | X40: A40 | Y40: anaerobic | Z40: A40 x | AA40: 80 | AB40: Yes | AC40: =0.3748-0.0164 -> 0.3584 | AD40: 1.5365613 | AE40: =AC40/(1+AD40) -> 0.14129365 | AF40: =AE40*AD40 -> 0.21710635 | AG40: 143 | AH40: 0.3968 | AI40: =AH40-((AG40/1000)/(AC40+AG40/1000))*AH40 -> 0.28363207 | AJ40: =AI40*1000 -> 283.63207 | AK40: =((AH40)-((AG40/1000)/(AE40+AF40+AG40/1000)*AH40))/(1+AD40) -> 0.11181755 | AL40: 0.9814 | AM40: 1.0759 | AN40: =AM40-AL40 -> 0.0945 | AO40: 0.9747 | AP40: 1.0228 | AQ40: =AP40-AO40 -> 0.0481
A41: AP3_50-69 | B41: P13 | C41: A13 | D41: aerobic | E41: A13 | F41: 25 | G41: No | H41: 0.3536 | I41: =H41*1000 -> 353.6 | J41: ='3_Pre-incubation'!K24 -> 1.5224654 | K41: =H41/(1+J41) -> 0.14018032 | L41: =K41*J41 -> 0.21341968 | M41: 150 | N41: 0.9812 | O41: 1.0747 | P41: =O41-N41 -> 0.0935 | Q41: 0.9833 | R41: 1.0289 | S41: =R41-Q41 -> 0.0456 | V41: AT3_80-100 | W41: P33 | X41: A41 | Y41: anaerobic | Z41: A41 | AA41: 81 | AB41: No | AC41: =0.3839-0.0174 -> 0.3665 | AD41: 1.523754 | AE41: =AC41/(1+AD41) -> 0.14522017 | AF41: =AE41*AD41 -> 0.22127983 | AG41: 165 | AH41: 0.4009 | AI41: =AH41-((AG41/1000)/(AC41+AG41/1000))*AH41 -> 0.27644374 | AJ41: =AI41*1000 -> 276.44374 | AK41: =((AH41)-((AG41/1000)/(AE41+AF41+AG41/1000)*AH41))/(1+AD41) -> 0.10953672 | AL41: 0.9802 | AM41: 1.0751 | AN41: =AM41-AL41 -> 0.0949 | AO41: 0.9828 | AP41: 1.0306 | AQ41: =AP41-AO41 -> 0.0478
A42: AP3_50-69 | B42: P13 | C42: A13 | D42: aerobic | E42: A13 x | F42: 26 | G42: Yes | H42: 0.3494 | I42: =H42*1000 -> 349.4 | J42: =J41 -> 1.5224654 | K42: =H42/(1+J42) -> 0.13851528 | L42: =K42*J42 -> 0.21088472 | M42: 150 | N42: 0.9836 | O42: 1.0777 | P42: =O42-N42 -> 0.0941 | Q42: 0.9835 | R42: 1.0294 | S42: =R42-Q42 -> 0.0459 | V42: AT3_80-100 | W42: P33 | X42: A41 | Y42: anaerobic | Z42: A41 x | AA42: 82 | AB42: Yes | AC42: =0.3729-0.0102 -> 0.3627 | AD42: 1.523754 | AE42: =AC42/(1+AD42) -> 0.14371448 | AF42: =AE42*AD42 -> 0.21898552 | AG42: 145 | AH42: 0.3885 | AI42: =AH42-((AG42/1000)/(AC42+AG42/1000))*AH42 -> 0.27754373 | AJ42: =AI42*1000 -> 277.54373 | AK42: =((AH42)-((AG42/1000)/(AE42+AF42+AG42/1000)*AH42))/(1+AD42) -> 0.10997257 | AL42: 0.9824 | AM42: 1.078 | AN42: =AM42-AL42 -> 0.0956 | AO42: 0.9803 | AP42: 1.0279 | AQ42: =AP42-AO42 -> 0.0476
A43: AP3_80-100 | B43: P14 | C43: A14 | D43: aerobic | E43: A14 | F43: 27 | G43: No | H43: 0.3556 | I43: =H43*1000 -> 355.6 | J43: ='3_Pre-incubation'!K25 -> 1.495797 | K43: =H43/(1+J43) -> 0.14247954 | L43: =K43*J43 -> 0.21312046 | M43: 150 | N43: 0.9814 | O43: 1.0763 | P43: =O43-N43 -> 0.0949 | Q43: 0.9763 | R43: 1.0225 | S43: =R43-Q43 -> 0.0462 | V43: AT3_140-160 | W43: P34 | X43: A42 | Y43: anaerobic | Z43: A42 | AA43: 83 | AB43: No | AC43: 0.3662 | AD43: 1.5477041 | AE43: =AC43/(1+AD43) -> 0.14373726 | AF43: =AE43*AD43 -> 0.22246274 | AG43: 148 | AH43: 0.3875 | AI43: =AH43-((AG43/1000)/(AC43+AG43/1000))*AH43 -> 0.27596752 | AJ43: =AI43*1000 -> 275.96752 | AK43: =((AH43)-((AG43/1000)/(AE43+AF43+AG43/1000)*AH43))/(1+AD43) -> 0.10832008 | AL43: 0.9838 | AM43: 1.0782 | AN43: =AM43-AL43 -> 0.0944 | AO43: 0.98 | AP43: 1.0291 | AQ43: =AP43-AO43 -> 0.0491
A44: AP3_80-100 | B44: P14 | C44: A14 | D44: aerobic | E44: A14 x | F44: 28 | G44: Yes | H44: 0.3504 | I44: =H44*1000 -> 350.4 | J44: =J43 -> 1.495797 | K44: =H44/(1+J44) -> 0.14039603 | L44: =K44*J44 -> 0.21000397 | M44: 150 | N44: 0.9845 | O44: 1.0794 | P44: =O44-N44 -> 0.0949 | Q44: 0.9832 | R44: 1.0292 | S44: =R44-Q44 -> 0.046 | V44: AT3_140-160 | W44: P34 | X44: A42 | Y44: anaerobic | Z44: A42 x | AA44: 84 | AB44: Yes | AC44: 0.3632 | AD44: 1.5477041 | AE44: =AC44/(1+AD44) -> 0.14255973 | AF44: =AE44*AD44 -> 0.22064027 | AG44: 131 | AH44: 0.3747 | AI44: =AH44-((AG44/1000)/(AC44+AG44/1000))*AH44 -> 0.27537645 | AJ44: =AI44*1000 -> 275.37645 | AK44: =((AH44)-((AG44/1000)/(AE44+AF44+AG44/1000)*AH44))/(1+AD44) -> 0.10808808 | AL44: 0.9819 | AM44: 1.0767 | AN44: =AM44-AL44 -> 0.0948 | AO44: 0.9832 | AP44: 1.0323 | AQ44: =AP44-AO44 -> 0.0491
C45: Control | F45: 120 | G45: Yes | I45: =H45*1000 -> 0 | M45: 150 | N45: 0.987 | O45: 1.0801 | P45: =O45-N45 -> 0.0931 | Q45: 0.9812 | R45: 1.0265 | S45: =R45-Q45 -> 0.0453 | X45: Control | AA45: 124 | AB45: No | AG45: 150 | AL45: 0.9775 | AM45: 1.0725 | AN45: =AM45-AL45 -> 0.095 | AO45: 0.9769 | AP45: 1.0264 | AQ45: =AP45-AO45 -> 0.0495
C46: Control | F46: 121 | G46: No | I46: =H46*1000 -> 0 | M46: 150 | N46: 0.9787 | O46: 1.0723 | P46: =O46-N46 -> 0.0936 | Q46: 0.9822 | R46: 1.0292 | S46: =R46-Q46 -> 0.047 | X46: Control | AA46: 125 | AB46: Yes | AG46: 150 | AL46: 0.9821 | AM46: 1.0787 | AN46: =AM46-AL46 -> 0.0966 | AO46: 0.9854 | AP46: 1.034 | AQ46: =AP46-AO46 -> 0.0486
A47: AP3_100-119 | B47: P15 | C47: A15 | D47: aerobic | E47: A15 | F47: 29 | G47: No | H47: 0.345 | I47: =H47*1000 -> 345 | J47: ='3_Pre-incubation'!K26 -> 1.5241182 | K47: =H47/(1+J47) -> 0.1366814 | L47: =K47*J47 -> 0.2083186 | M47: 150 | N47: 0.984 | O47: 1.0802 | P47: =O47-N47 -> 0.0962 | Q47: 0.9835 | R47: 1.0312 | S47: =R47-Q47 -> 0.0477 | V47: AT3_160-180 | W47: P35 | X47: A43 | Y47: anaerobic | Z47: A43 | AA47: 85 | AB47: No | AC47: 0.3632 | AD47: 1.5547629 | AE47: =AC47/(1+AD47) -> 0.14216584 | AF47: =AE47*AD47 -> 0.22103416 | AG47: 140 | AH47: 0.4232 | AI47: =AH47-((AG47/1000)/(AC47+AG47/1000))*AH47 -> 0.30545755 | AJ47: =AI47*1000 -> 305.45755 | AK47: =((AH47)-((AG47/1000)/(AE47+AF47+AG47/1000)*AH47))/(1+AD47) -> 0.11956395 | AL47: 0.9826 | AM47: 1.0769 | AN47: =AM47-AL47 -> 0.0943 | AO47: 0.9854 | AP47: 1.0337 | AQ47: =AP47-AO47 -> 0.0483
A48: AP3_100-119 | B48: P15 | C48: A15 | D48: aerobic | E48: A15 x | F48: 30 | G48: Yes | H48: 0.3476 | I48: =H48*1000 -> 347.6 | J48: =J47 -> 1.5241182 | K48: =H48/(1+J48) -> 0.13771146 | L48: =K48*J48 -> 0.20988854 | M48: 150 | N48: 0.9804 | O48: 1.0806 | P48: =O48-N48 -> 0.1002 | Q48: 0.9725 | R48: 1.0206 | S48: =R48-Q48 -> 0.0481 | V48: AT3_160-180 | W48: P35 | X48: A43 | Y48: anaerobic | Z48: A43 x | AA48: 86 | AB48: Yes | AC48: 0.3641 | AD48: 1.5547629 | AE48: =AC48/(1+AD48) -> 0.14251812 | AF48: =AE48*AD48 -> 0.22158188 | AG48: 148 | AH48: 0.3775 | AI48: =AH48-((AG48/1000)/(AC48+AG48/1000))*AH48 -> 0.26840021 | AJ48: =AI48*1000 -> 268.40021 | AK48: =((AH48)-((AG48/1000)/(AE48+AF48+AG48/1000)*AH48))/(1+AD48) -> 0.10505876 | AL48: 0.9781 | AM48: 1.0737 | AN48: =AM48-AL48 -> 0.0956 | AO48: 0.9806 | AP48: 1.0285 | AQ48: =AP48-AO48 -> 0.0479
A49: AP4_0-20 | B49: P6 | C49: A16 | D49: aerobic | E49: A16 | F49: 31 | G49: No | H49: 0.3531 | I49: =H49*1000 -> 353.1 | J49: ='3_Pre-incubation'!K27 -> 1.5007423 | K49: =H49/(1+J49) -> 0.14119807 | L49: =K49*J49 -> 0.21190193 | M49: 150 | N49: 0.9829 | O49: 1.0771 | P49: =O49-N49 -> 0.0942 | Q49: 0.9825 | R49: 1.029 | S49: =R49-Q49 -> 0.0465 | V49: AT5_0-40 | W49: P36 | X49: A44 | Y49: anaerobic | Z49: A44 | AA49: 87 | AB49: No | AC49: =0.3779-0.0107 -> 0.3672 | AD49: 2.5533643 | AE49: =AC49/(1+AD49) -> 0.10333869 | AF49: =AE49*AD49 -> 0.26386131 | AG49: 135 | AH49: 0.4876 | AI49: =AH49-((AG49/1000)/(AC49+AG49/1000))*AH49 -> 0.35652473 | AJ49: =AI49*1000 -> 356.52473 | AK49: =((AH49)-((AG49/1000)/(AE49+AF49+AG49/1000)*AH49))/(1+AD49) -> 0.10033441 | AL49: 0.9768 | AM49: 1.0732 | AN49: =AM49-AL49 -> 0.0964 | AO49: 0.9805 | AP49: 1.0296 | AQ49: =AP49-AO49 -> 0.0491
A50: AP4_0-20 | B50: P6 | C50: A16 | D50: aerobic | E50: A16 x | F50: 32 | G50: Yes | H50: 0.3577 | I50: =H50*1000 -> 357.7 | J50: =J49 -> 1.5007423 | K50: =H50/(1+J50) -> 0.14303753 | L50: =K50*J50 -> 0.21466247 | M50: 150 | N50: 0.9817 | O50: 1.0764 | P50: =O50-N50 -> 0.0947 | Q50: 0.9834 | R50: 1.0306 | S50: =R50-Q50 -> 0.0472 | V50: AT5_0-40 | W50: P36 | X50: A44 | Y50: anaerobic | Z50: A44 x | AA50: 88 | AB50: Yes | AC50: =0.3717-0.012 -> 0.3597 | AD50: 2.5533643 | AE50: =AC50/(1+AD50) -> 0.10122801 | AF50: =AE50*AD50 -> 0.25847199 | AG50: 140 | AH50: 0.4441 | AI50: =AH50-((AG50/1000)/(AC50+AG50/1000))*AH50 -> 0.31967735 | AJ50: =AI50*1000 -> 319.67735 | AK50: =((AH50)-((AG50/1000)/(AE50+AF50+AG50/1000)*AH50))/(1+AD50) -> 0.089964697 | AL50: 0.9858 | AM50: 1.0805 | AN50: =AM50-AL50 -> 0.0947 | AO50: 0.9794 | AP50: 1.0281 | AQ50: =AP50-AO50 -> 0.0487
A51: AP4_20-40 | B51: P17 | C51: A17 | D51: aerobic | E51: A17 | F51: 33 | G51: No | H51: 0.3589 | I51: =H51*1000 -> 358.9 | J51: ='3_Pre-incubation'!K28 -> 1.5226038 | K51: =H51/(1+J51) -> 0.14227363 | L51: =K51*J51 -> 0.21662637 | M51: 150 | N51: 0.9825 | O51: 1.0778 | P51: =O51-N51 -> 0.0953 | Q51: 0.9833 | R51: 1.0319 | S51: =R51-Q51 -> 0.0486 | V51: AT5_50-70 | W51: P37 | X51: A45 | Y51: anaerobic | Z51: A45 | AA51: 89 | AB51: No | AC51: 0.3665 | AD51: 1.5688306 | AE51: =AC51/(1+AD51) -> 0.14267192 | AF51: =AE51*AD51 -> 0.22382808 | AG51: 140 | AH51: 0.3924 | AI51: =AH51-((AG51/1000)/(AC51+AG51/1000))*AH51 -> 0.28393801 | AJ51: =AI51*1000 -> 283.93801 | AK51: =((AH51)-((AG51/1000)/(AE51+AF51+AG51/1000)*AH51))/(1+AD51) -> 0.11053201 | AL51: 0.9807 | AM51: 1.0764 | AN51: =AM51-AL51 -> 0.0957 | AO51: 0.9837 | AP51: 1.0318 | AQ51: =AP51-AO51 -> 0.0481
A52: AP4_20-40 | B52: P17 | C52: A17 | D52: aerobic | E52: A17 x | F52: 34 | G52: Yes | H52: 0.3578 | I52: =H52*1000 -> 357.8 | J52: =J51 -> 1.5226038 | K52: =H52/(1+J52) -> 0.14183758 | L52: =K52*J52 -> 0.21596242 | M52: 150 | N52: 0.9804 | O52: 1.0725 | P52: =O52-N52 -> 0.0921 | Q52: 0.9825 | R52: 1.0304 | S52: =R52-Q52 -> 0.0479 | V52: AT5_50-70 | W52: P37 | X52: A45 | Y52: anaerobic | Z52: A45 x | AA52: 90 | AB52: Yes | AC52: 0.3524 | AD52: 1.5688306 | AE52: =AC52/(1+AD52) -> 0.13718304 | AF52: =AE52*AD52 -> 0.21521696 | AG52: 140 | AH52: 0.3548 | AI52: =AH52-((AG52/1000)/(AC52+AG52/1000))*AH52 -> 0.25392266 | AJ52: =AI52*1000 -> 253.92266 | AK52: =((AH52)-((AG52/1000)/(AE52+AF52+AG52/1000)*AH52))/(1+AD52) -> 0.09884757 | AL52: 0.9816 | AM52: 1.0766 | AN52: =AM52-AL52 -> 0.095 | AO52: 0.9727 | AP52: 1.0208 | AQ52: =AP52-AO52 -> 0.0481
A53: AP4_50-70 | B53: P18 | C53: A18 | D53: aerobic | E53: A18 | F53: 35 | G53: No | H53: 0.3549 | I53: =H53*1000 -> 354.9 | J53: ='3_Pre-incubation'!K29 -> 1.5411936 | K53: =H53/(1+J53) -> 0.13965878 | L53: =K53*J53 -> 0.21524122 | M53: 150 | N53: 0.9827 | O53: 1.0797 | P53: =O53-N53 -> 0.097 | Q53: 0.9836 | R53: 1.0318 | S53: =R53-Q53 -> 0.0482 | V53: AT5_70-90 | W53: P38 | X53: A46 | Y53: anaerobic | Z53: A46 | AA53: 91 | AB53: No | AC53: =0.3768-0.015 -> 0.3618 | AD53: 1.535106 | AE53: =AC53/(1+AD53) -> 0.14271593 | AF53: =AE53*AD53 -> 0.21908407 | AG53: 150 | AH53: 0.3987 | AI53: =AH53-((AG53/1000)/(AC53+AG53/1000))*AH53 -> 0.28184771 | AJ53: =AI53*1000 -> 281.84771 | AK53: =((AH53)-((AG53/1000)/(AE53+AF53+AG53/1000)*AH53))/(1+AD53) -> 0.11117788 | AL53: 0.9817 | AM53: 1.0743 | AN53: =AM53-AL53 -> 0.0926 | AO53: 0.9811 | AP53: 1.0293 | AQ53: =AP53-AO53 -> 0.0482
A54: AP4_50-70 | B54: P18 | C54: A18 | D54: aerobic | E54: A18 x | F54: 36 | G54: Yes | H54: 0.3611 | I54: =H54*1000 -> 361.1 | J54: =J53 -> 1.5411936 | K54: =H54/(1+J54) -> 0.14209858 | L54: =K54*J54 -> 0.21900142 | M54: 150 | N54: 0.9813 | O54: 1.0768 | P54: =O54-N54 -> 0.0955 | Q54: 0.9822 | R54: 1.031 | S54: =R54-Q54 -> 0.0488 | V54: AT5_70-90 | W54: P38 | X54: A46 | Y54: anaerobic | Z54: A46 x | AA54: 92 | AB54: Yes | AC54: 0.3652 | AD54: 1.535106 | AE54: =AC54/(1+AD54) -> 0.14405709 | AF54: =AE54*AD54 -> 0.22114291 | AG54: 175 | AH54: 0.442 | AI54: =AH54-((AG54/1000)/(AC54+AG54/1000))*AH54 -> 0.29881229 | AJ54: =AI54*1000 -> 298.81229 | AK54: =((AH54)-((AG54/1000)/(AE54+AF54+AG54/1000)*AH54))/(1+AD54) -> 0.11786974 | AL54: 0.9825 | AM54: 1.076 | AN54: =AM54-AL54 -> 0.0935 | AO54: 0.9769 | AP54: 1.025 | AQ54: =AP54-AO54 -> 0.0481
A55: AP4_80-99 | B55: P19 | C55: A19 | D55: aerobic | E55: A19 | F55: 37 | G55: No | H55: 0.3535 | I55: =H55*1000 -> 353.5 | J55: ='3_Pre-incubation'!K30 -> 1.5510872 | K55: =H55/(1+J55) -> 0.13856837 | L55: =K55*J55 -> 0.21493163 | M55: 150 | N55: 0.9833 | O55: 1.0805 | P55: =O55-N55 -> 0.0972 | Q55: 0.9834 | R55: 1.0321 | S55: =R55-Q55 -> 0.0487 | V55: AT5_130-150 | W55: P39 | X55: A47 | Y55: anaerobic | Z55: A47 | AA55: 93 | AB55: No | AC55: 0.3639 | AD55: 1.5103666 | AE55: =AC55/(1+AD55) -> 0.14495891 | AF55: =AE55*AD55 -> 0.21894109 | AG55: 160 | AH55: 0.4226 | AI55: =AH55-((AG55/1000)/(AC55+AG55/1000))*AH55 -> 0.2935372 | AJ55: =AI55*1000 -> 293.5372 | AK55: =((AH55)-((AG55/1000)/(AE55+AF55+AG55/1000)*AH55))/(1+AD55) -> 0.11693002 | AL55: 0.9862 | AM55: 1.0816 | AN55: =AM55-AL55 -> 0.0954 | AO55: 0.9839 | AP55: 1.0323 | AQ55: =AP55-AO55 -> 0.0484
A56: AP4_80-99 | B56: P19 | C56: A19 | D56: aerobic | E56: A19 x | F56: 38 | G56: Yes | H56: 0.3527 | I56: =H56*1000 -> 352.7 | J56: =J55 -> 1.5510872 | K56: =H56/(1+J56) -> 0.13825478 | L56: =K56*J56 -> 0.21444522 | M56: 150 | N56: 0.9832 | O56: 1.083 | P56: =O56-N56 -> 0.0998 | Q56: 0.977 | R56: 1.025 | S56: =R56-Q56 -> 0.048 | V56: AT5_130-150 | W56: P39 | X56: A47 | Y56: anaerobic | Z56: A47 x | AA56: 94 | AB56: Yes | AC56: 0.3651 | AD56: 1.5103666 | AE56: =AC56/(1+AD56) -> 0.14543693 | AF56: =AE56*AD56 -> 0.21966307 | AG56: 160 | AH56: 0.4293 | AI56: =AH56-((AG56/1000)/(AC56+AG56/1000))*AH56 -> 0.29849063 | AJ56: =AI56*1000 -> 298.49063 | AK56: =((AH56)-((AG56/1000)/(AE56+AF56+AG56/1000)*AH56))/(1+AD56) -> 0.1189032 | AL56: 0.9825 | AM56: 1.0786 | AN56: =AM56-AL56 -> 0.0961 | AO56: 0.9797 | AP56: 1.0282 | AQ56: =AP56-AO56 -> 0.0485
A57: AP4_99-120 | B57: P20 | C57: A20 | D57: aerobic | E57: A20 | F57: 39 | G57: No | H57: 0.3502 | I57: =H57*1000 -> 350.2 | J57: ='3_Pre-incubation'!K31 -> 1.5649002 | K57: =H57/(1+J57) -> 0.13653552 | L57: =K57*J57 -> 0.21366448 | M57: 150 | N57: 0.9791 | O57: 1.0786 | P57: =O57-N57 -> 0.0995 | Q57: 0.9808 | R57: 1.0283 | S57: =R57-Q57 -> 0.0475 | V57: AT5_150-170 | W57: P40 | X57: A48 | Y57: anaerobic | Z57: A48 | AA57: 95 | AB57: No | AC57: 0.3672 | AD57: 1.5216308 | AE57: =AC57/(1+AD57) -> 0.14562005 | AF57: =AE57*AD57 -> 0.22157995 | AG57: 175 | AH57: 0.4106 | AI57: =AH57-((AG57/1000)/(AC57+AG57/1000))*AH57 -> 0.2780751 | AJ57: =AI57*1000 -> 278.0751 | AK57: =((AH57)-((AG57/1000)/(AE57+AF57+AG57/1000)*AH57))/(1+AD57) -> 0.1102759 | AL57: 0.9799 | AM57: 1.0749 | AN57: =AM57-AL57 -> 0.095 | AO57: 0.981 | AP57: 1.0294 | AQ57: =AP57-AO57 -> 0.0484
A58: AP4_99-120 | B58: P20 | C58: A20 | D58: aerobic | E58: A20 x | F58: 40 | G58: Yes | H58: 0.3581 | I58: =H58*1000 -> 358.1 | J58: =J57 -> 1.5649002 | K58: =H58/(1+J58) -> 0.13961557 | L58: =K58*J58 -> 0.21848443 | M58: 150 | N58: 0.9841 | O58: 1.0833 | P58: =O58-N58 -> 0.0992 | Q58: 0.9802 | R58: 1.0282 | S58: =R58-Q58 -> 0.048 | V58: AT5_150-170 | W58: P40 | X58: A48 | Y58: anaerobic | Z58: A48 x | AA58: 96 | AB58: Yes | AC58: 0.3605 | AD58: 1.5216308 | AE58: =AC58/(1+AD58) -> 0.14296304 | AF58: =AE58*AD58 -> 0.21753696 | AG58: 160 | AH58: 0.4333 | AI58: =AH58-((AG58/1000)/(AC58+AG58/1000))*AH58 -> 0.300105 | AJ58: =AI58*1000 -> 300.105 | AK58: =((AH58)-((AG58/1000)/(AE58+AF58+AG58/1000)*AH58))/(1+AD58) -> 0.11901227 | AL58: 0.9827 | AM58: 1.0763 | AN58: =AM58-AL58 -> 0.0936 | AO58: 0.9854 | AP58: 1.0337 | AQ58: =AP58-AO58 -> 0.0483
A59: AT1_143-163 | B59: P24 | C59: A21 | D59: aerobic | E59: A21 | F59: 41 | G59: No | H59: 0.3489 | I59: =H59*1000 -> 348.9 | J59: ='3_Pre-incubation'!K32 -> 1.5077017 | K59: =H59/(1+J59) -> 0.13913138 | L59: =K59*J59 -> 0.20976862 | M59: 150 | N59: 0.9791 | O59: 1.0766 | P59: =O59-N59 -> 0.0975 | Q59: 0.9817 | R59: 1.0294 | S59: =R59-Q59 -> 0.0477 | V59: AP1_80-100 | W59: P4 | X59: A49 | Y59: anaerobic | Z59: A49 | AA59: 97 | AB59: No | AC59: 0.3653 | AD59: 1.5675593 | AE59: =AC59/(1+AD59) -> 0.14227519 | AF59: =AE59*AD59 -> 0.22302481 | AG59: 170 | AH59: 0.4337 | AI59: =AH59-((AG59/1000)/(AC59+AG59/1000))*AH59 -> 0.29596602 | AJ59: =AI59*1000 -> 295.96602 | AK59: =((AH59)-((AG59/1000)/(AE59+AF59+AG59/1000)*AH59))/(1+AD59) -> 0.11527135 | AL59: 0.9825 | AM59: 1.0774 | AN59: =AM59-AL59 -> 0.0949 | AO59: 0.9826 | AP59: 1.0308 | AQ59: =AP59-AO59 -> 0.0482
A60: AT1_143-163 | B60: P24 | C60: A21 | D60: aerobic | E60: A21 x | F60: 42 | G60: Yes | H60: 0.352 | I60: =H60*1000 -> 352 | J60: =J59 -> 1.5077017 | K60: =H60/(1+J60) -> 0.14036757 | L60: =K60*J60 -> 0.21163243 | M60: 150 | N60: 0.9774 | O60: 1.0764 | P60: =O60-N60 -> 0.099 | Q60: 0.9816 | R60: 1.0297 | S60: =R60-Q60 -> 0.0481 | V60: AP1_80-100 | W60: P4 | X60: A49 | Y60: anaerobic | Z60: A49 x | AA60: 98 | AB60: Yes | AC60: 0.354 | AD60: 1.5675593 | AE60: =AC60/(1+AD60) -> 0.13787413 | AF60: =AE60*AD60 -> 0.21612587 | AG60: 160 | AH60: 0.3946 | AI60: =AH60-((AG60/1000)/(AC60+AG60/1000))*AH60 -> 0.27176732 | AJ60: =AI60*1000 -> 271.76732 | AK60: =((AH60)-((AG60/1000)/(AE60+AF60+AG60/1000)*AH60))/(1+AD60) -> 0.10584656 | AL60: 0.9827 | AM60: 1.0763 | AN60: =AM60-AL60 -> 0.0936 | AO60: 0.977 | AP60: 1.0247 | AQ60: =AP60-AO60 -> 0.0477
A61: AT1_163-183 | B61: P25 | C61: A22 | D61: aerobic | E61: A22 | F61: 43 | G61: No | H61: 0.3545 | I61: =H61*1000 -> 354.5 | J61: ='3_Pre-incubation'!K33 -> 1.5153219 | K61: =H61/(1+J61) -> 0.14093623 | L61: =K61*J61 -> 0.21356377 | M61: 150 | N61: 0.9811 | O61: 1.0815 | P61: =O61-N61 -> 0.1004 | Q61: 0.9792 | R61: 1.0267 | S61: =R61-Q61 -> 0.0475 | V61: AP1_100-120 | W61: P5 | X61: A50 | Y61: anaerobic | Z61: A50 | AA61: 99 | AB61: No | AC61: 0.3665 | AD61: 1.5120188 | AE61: =AC61/(1+AD61) -> 0.14589859 | AF61: =AE61*AD61 -> 0.22060141 | AG61: 170 | AH61: 0.4069 | AI61: =AH61-((AG61/1000)/(AC61+AG61/1000))*AH61 -> 0.27796617 | AJ61: =AI61*1000 -> 277.96617 | AK61: =((AH61)-((AG61/1000)/(AE61+AF61+AG61/1000)*AH61))/(1+AD61) -> 0.11065449 | AL61: 0.9791 | AM61: 1.0738 | AN61: =AM61-AL61 -> 0.0947 | AO61: 0.9797 | AP61: 1.0278 | AQ61: =AP61-AO61 -> 0.0481
A62: AT1_163-183 | B62: P25 | C62: A22 | D62: aerobic | E62: A22 x | F62: 44 | G62: Yes | H62: 0.3509 | I62: =H62*1000 -> 350.9 | J62: =J61 -> 1.5153219 | K62: =H62/(1+J62) -> 0.13950501 | L62: =K62*J62 -> 0.21139499 | M62: 150 | N62: 0.974 | O62: 1.071 | P62: =O62-N62 -> 0.097 | Q62: 0.9824 | R62: 1.0302 | S62: =R62-Q62 -> 0.0478 | V62: AP1_100-120 | W62: P5 | X62: A50 | Y62: anaerobic | Z62: A50 x | AA62: 100 | AB62: Yes | AC62: 0.3609 | AD62: 1.5120188 | AE62: =AC62/(1+AD62) -> 0.1436693 | AF62: =AE62*AD62 -> 0.2172307 | AG62: 180 | AH62: 0.4201 | AI62: =AH62-((AG62/1000)/(AC62+AG62/1000))*AH62 -> 0.28029967 | AJ62: =AI62*1000 -> 280.29967 | AK62: =((AH62)-((AG62/1000)/(AE62+AF62+AG62/1000)*AH62))/(1+AD62) -> 0.11158343 | AL62: 0.977 | AM62: 1.0716 | AN62: =AM62-AL62 -> 0.0946 | AO62: 0.9802 | AP62: 1.029 | AQ62: =AP62-AO62 -> 0.0488
A63: AT2_123-143 | B63: P29 | C63: A23 | D63: aerobic | E63: A23 | F63: 45 | G63: No | H63: 0.3492 | I63: =H63*1000 -> 349.2 | J63: ='3_Pre-incubation'!K34 -> 1.54681 | K63: =H63/(1+J63) -> 0.1371127 | L63: =K63*J63 -> 0.2120873 | M63: 150 | N63: 0.9823 | O63: 1.0777 | P63: =O63-N63 -> 0.0954 | Q63: 0.9856 | R63: 1.0335 | S63: =R63-Q63 -> 0.0479 | V63: AP2_80-100 | W63: P9 | X63: A51 | Y63: anaerobic | Z63: A51 | AA63: 101 | AB63: No | AC63: 0.3639 | AD63: 1.5319529 | AE63: =AC63/(1+AD63) -> 0.14372305 | AF63: =AE63*AD63 -> 0.22017695 | AG63: 180 | AH63: 0.4276 | AI63: =AH63-((AG63/1000)/(AC63+AG63/1000))*AH63 -> 0.28608869 | AJ63: =AI63*1000 -> 286.08869 | AK63: =((AH63)-((AG63/1000)/(AE63+AF63+AG63/1000)*AH63))/(1+AD63) -> 0.11299132 | AL63: 0.985 | AM63: 1.0804 | AN63: =AM63-AL63 -> 0.0954 | AO63: 0.9818 | AP63: 1.0278 | AQ63: =AP63-AO63 -> 0.046
A64: AT2_123-143 | B64: P29 | C64: A23 | D64: aerobic | E64: A23 x | F64: 46 | G64: Yes | H64: 0.3546 | I64: =H64*1000 -> 354.6 | J64: =J63 -> 1.54681 | K64: =H64/(1+J64) -> 0.139233 | L64: =K64*J64 -> 0.215367 | M64: 150 | N64: 0.9806 | O64: 1.0789 | P64: =O64-N64 -> 0.0983 | Q64: 0.9817 | R64: 1.0294 | S64: =R64-Q64 -> 0.0477 | V64: AP2_80-100 | W64: P9 | X64: A51 | Y64: anaerobic | Z64: A51 x | AA64: 102 | AB64: Yes | AC64: 0.3633 | AD64: 1.5319529 | AE64: =AC64/(1+AD64) -> 0.14348608 | AF64: =AE64*AD64 -> 0.21981392 | AG64: 160 | AH64: 0.4467 | AI64: =AH64-((AG64/1000)/(AC64+AG64/1000))*AH64 -> 0.3101206 | AJ64: =AI64*1000 -> 310.1206 | AK64: =((AH64)-((AG64/1000)/(AE64+AF64+AG64/1000)*AH64))/(1+AD64) -> 0.12248277 | AL64: 0.9804 | AM64: 1.078 | AN64: =AM64-AL64 -> 0.0976 | AO64: 0.9807 | AP64: 1.0289 | AQ64: =AP64-AO64 -> 0.0482
A65: AT2_143-163 | B65: P30 | C65: A24 | D65: aerobic | E65: A24 | F65: 47 | G65: No | H65: 0.3579 | I65: =H65*1000 -> 357.9 | J65: ='3_Pre-incubation'!K35 -> 1.5481572 | K65: =H65/(1+J65) -> 0.14045444 | L65: =K65*J65 -> 0.21744556 | M65: 150 | N65: 0.9779 | O65: 1.0763 | P65: =O65-N65 -> 0.0984 | Q65: 0.9759 | R65: 1.0239 | S65: =R65-Q65 -> 0.048 | V65: AP2_100-120 | W65: P10 | X65: A52 | Y65: anaerobic | Z65: A52 | AA65: 103 | AB65: No | AC65: 0.3671 | AD65: 1.4987584 | AE65: =AC65/(1+AD65) -> 0.14691296 | AF65: =AE65*AD65 -> 0.22018704 | AG65: 190 | AH65: 0.4504 | AI65: =AH65-((AG65/1000)/(AC65+AG65/1000))*AH65 -> 0.29679024 | AJ65: =AI65*1000 -> 296.79024 | AK65: =((AH65)-((AG65/1000)/(AE65+AF65+AG65/1000)*AH65))/(1+AD65) -> 0.11877508 | AL65: 0.9812 | AM65: 1.0768 | AN65: =AM65-AL65 -> 0.0956 | AO65: 0.9814 | AP65: 1.0304 | AQ65: =AP65-AO65 -> 0.049
A66: AT2_143-163 | B66: P30 | C66: A24 | D66: aerobic | E66: A24 x | F66: 48 | G66: Yes | H66: 0.3578 | I66: =H66*1000 -> 357.8 | J66: =J65 -> 1.5481572 | K66: =H66/(1+J66) -> 0.1404152 | L66: =K66*J66 -> 0.2173848 | M66: 150 | N66: 0.9814 | O66: 1.081 | P66: =O66-N66 -> 0.0996 | Q66: 0.9801 | R66: 1.028 | S66: =R66-Q66 -> 0.0479 | V66: AP2_100-120 | W66: P10 | X66: A52 | Y66: anaerobic | Z66: A52 x | AA66: 104 | AB66: Yes | AC66: 0.3575 | AD66: 1.4987584 | AE66: =AC66/(1+AD66) -> 0.14307106 | AF66: =AE66*AD66 -> 0.21442894 | AG66: 154 | AH66: 0.409 | AI66: =AH66-((AG66/1000)/(AC66+AG66/1000))*AH66 -> 0.28586022 | AJ66: =AI66*1000 -> 285.86022 | AK66: =((AH66)-((AG66/1000)/(AE66+AF66+AG66/1000)*AH66))/(1+AD66) -> 0.1144009 | AL66: 0.9806 | AM66: 1.0764 | AN66: =AM66-AL66 -> 0.0958 | AO66: 0.977 | AP66: 1.0263 | AQ66: =AP66-AO66 -> 0.0493
A67: AT3_140-160 | B67: P34 | C67: A25 | D67: aerobic | E67: A25 | F67: 49 | G67: No | H67: 0.3544 | I67: =H67*1000 -> 354.4 | J67: ='3_Pre-incubation'!K36 -> 1.5451948 | K67: =H67/(1+J67) -> 0.13924278 | L67: =K67*J67 -> 0.21515722 | M67: 150 | N67: 0.9807 | O67: 1.075 | P67: =O67-N67 -> 0.0943 | Q67: 0.9816 | R67: 1.0291 | S67: =R67-Q67 -> 0.0475 | V67: AP3_80-100 | W67: P14 | X67: A53 | Y67: anaerobic | Z67: A53 | AA67: 105 | AB67: No | AC67: 0.3617 | AD67: 1.495545 | AE67: =AC67/(1+AD67) -> 0.14493828 | AF67: =AE67*AD67 -> 0.21676172 | AG67: 175 | AH67: 0.3707 | AI67: =AH67-((AG67/1000)/(AC67+AG67/1000))*AH67 -> 0.24982707 | AJ67: =AI67*1000 -> 249.82707 | AK67: =((AH67)-((AG67/1000)/(AE67+AF67+AG67/1000)*AH67))/(1+AD67) -> 0.10010922 | AL67: 0.9813 | AM67: 1.0767 | AN67: =AM67-AL67 -> 0.0954 | AO67: 0.9805 | AP67: 1.0286 | AQ67: =AP67-AO67 -> 0.0481
A68: AT3_140-160 | B68: P34 | C68: A25 | D68: aerobic | E68: A25 x | F68: 50 | G68: Yes | H68: 0.3554 | I68: =H68*1000 -> 355.4 | J68: =J67 -> 1.5451948 | K68: =H68/(1+J68) -> 0.13963568 | L68: =K68*J68 -> 0.21576432 | M68: 150 | N68: 0.9817 | O68: 1.0801 | P68: =O68-N68 -> 0.0984 | Q68: 0.9758 | R68: 1.0237 | S68: =R68-Q68 -> 0.0479 | V68: AP3_80-100 | W68: P14 | X68: A53 | Y68: anaerobic | Z68: A53 x | AA68: 106 | AB68: Yes | AC68: 0.3615 | AD68: 1.495545 | AE68: =AC68/(1+AD68) -> 0.14485814 | AF68: =AE68*AD68 -> 0.21664186 | AG68: 142 | AH68: 0.3969 | AI68: =AH68-((AG68/1000)/(AC68+AG68/1000))*AH68 -> 0.28496395 | AJ68: =AI68*1000 -> 284.96395 | AK68: =((AH68)-((AG68/1000)/(AE68+AF68+AG68/1000)*AH68))/(1+AD68) -> 0.11418907 | AL68: 0.9838 | AM68: 1.0797 | AN68: =AM68-AL68 -> 0.0959 | AO68: 0.9833 | AP68: 1.0318 | AQ68: =AP68-AO68 -> 0.0485
A69: AT3_160-180 | B69: P35 | C69: A26 | D69: aerobic | E69: A26 | F69: 51 | G69: No | H69: 0.3519 | I69: =H69*1000 -> 351.9 | J69: ='3_Pre-incubation'!K37 -> 1.5534575 | K69: =H69/(1+J69) -> 0.13781314 | L69: =K69*J69 -> 0.21408686 | M69: 150 | N69: 0.9835 | O69: 1.0804 | P69: =O69-N69 -> 0.0969 | Q69: 0.9803 | R69: 1.0281 | S69: =R69-Q69 -> 0.0478 | V69: AP3_100-119 | W69: P15 | X69: A54 | Y69: anaerobic | Z69: A54 | AA69: 107 | AB69: No | AC69: 0.3595 | AD69: 1.525416 | AE69: =AC69/(1+AD69) -> 0.14235278 | AF69: =AE69*AD69 -> 0.21714722 | AG69: 168 | AH69: 0.3775 | AI69: =AH69-((AG69/1000)/(AC69+AG69/1000))*AH69 -> 0.25727251 | AJ69: =AI69*1000 -> 257.27251 | AK69: =((AH69)-((AG69/1000)/(AE69+AF69+AG69/1000)*AH69))/(1+AD69) -> 0.10187332 | AL69: 0.9727 | AM69: 1.0684 | AN69: =AM69-AL69 -> 0.0957 | AO69: 0.9818 | AP69: 1.0306 | AQ69: =AP69-AO69 -> 0.0488
A70: AT3_160-180 | B70: P35 | C70: A26 | D70: aerobic | E70: A26 x | F70: 52 | G70: Yes | H70: 0.3479 | I70: =H70*1000 -> 347.9 | J70: =J69 -> 1.5534575 | K70: =H70/(1+J70) -> 0.13624664 | L70: =K70*J70 -> 0.21165336 | M70: 150 | N70: 0.9867 | O70: 1.0852 | P70: =O70-N70 -> 0.0985 | Q70: 0.9773 | R70: 1.0258 | S70: =R70-Q70 -> 0.0485 | V70: AP3_100-119 | W70: P15 | X70: A54 | Y70: anaerobic | Z70: A54 x | AA70: 108 | AB70: Yes | AC70: 0.3587 | AD70: 1.525416 | AE70: =AC70/(1+AD70) -> 0.14203601 | AF70: =AE70*AD70 -> 0.21666399 | AG70: 145 | AH70: 0.3723 | AI70: =AH70-((AG70/1000)/(AC70+AG70/1000))*AH70 -> 0.26512609 | AJ70: =AI70*1000 -> 265.12609 | AK70: =((AH70)-((AG70/1000)/(AE70+AF70+AG70/1000)*AH70))/(1+AD70) -> 0.10498313 | AL70: 0.9864 | AM70: 1.0838 | AN70: =AM70-AL70 -> 0.0974 | AO70: 0.9862 | AP70: 1.0326 | AQ70: =AP70-AO70 -> 0.0464
A71: AT5_130-150 | B71: P39 | C71: A27 | D71: aerobic | E71: A27 | F71: 53 | G71: No | H71: 0.3491 | I71: =H71*1000 -> 349.1 | J71: ='3_Pre-incubation'!K38 -> 1.5085285 | K71: =H71/(1+J71) -> 0.13916525 | L71: =K71*J71 -> 0.20993475 | M71: 150 | N71: 0.9772 | O71: 1.0746 | P71: =O71-N71 -> 0.0974 | Q71: 0.9766 | R71: 1.0249 | S71: =R71-Q71 -> 0.0483 | V71: AP4_80-99 | W71: P19 | X71: A55 | Y71: anaerobic | Z71: A55 | AA71: 109 | AB71: No | AC71: 0.3674 | AD71: 1.5518357 | AE71: =AC71/(1+AD71) -> 0.14397478 | AF71: =AE71*AD71 -> 0.22342522 | AG71: 160 | AH71: 0.3839 | AI71: =AH71-((AG71/1000)/(AC71+AG71/1000))*AH71 -> 0.26743432 | AJ71: =AI71*1000 -> 267.43432 | AK71: =((AH71)-((AG71/1000)/(AE71+AF71+AG71/1000)*AH71))/(1+AD71) -> 0.10480076 | AL71: 0.9839 | AM71: 1.0809 | AN71: =AM71-AL71 -> 0.097 | AO71: 0.9856 | AP71: 1.0293 | AQ71: =AP71-AO71 -> 0.0437
A72: AT5_130-150 | B72: P39 | C72: A27 | D72: aerobic | E72: A27 x | F72: 54 | G72: Yes | H72: 0.355 | I72: =H72*1000 -> 355 | J72: =J71 -> 1.5085285 | K72: =H72/(1+J72) -> 0.14151723 | L72: =K72*J72 -> 0.21348277 | M72: 150 | N72: 0.9828 | O72: 1.0816 | P72: =O72-N72 -> 0.0988 | Q72: 0.982 | R72: 1.0304 | S72: =R72-Q72 -> 0.0484 | V72: AP4_80-99 | W72: P19 | X72: A55 | Y72: anaerobic | Z72: A55 x | AA72: 110 | AB72: Yes | AC72: 0.3576 | AD72: 1.5518357 | AE72: =AC72/(1+AD72) -> 0.14013441 | AF72: =AE72*AD72 -> 0.21746559 | AG72: 164 | AH72: 0.3928 | AI72: =AH72-((AG72/1000)/(AC72+AG72/1000))*AH72 -> 0.26929693 | AJ72: =AI72*1000 -> 269.29693 | AK72: =((AH72)-((AG72/1000)/(AE72+AF72+AG72/1000)*AH72))/(1+AD72) -> 0.10553067 | AL72: 0.9818 | AM72: 1.0774 | AN72: =AM72-AL72 -> 0.0956 | AO72: 0.9851 | AP72: 1.0334 | AQ72: =AP72-AO72 -> 0.0483
A73: AT5_150-170 | B73: P40 | C73: A28 | D73: aerobic | E73: A28 | F73: 55 | G73: No | H73: 0.3545 | I73: =H73*1000 -> 354.5 | J73: ='3_Pre-incubation'!K39 -> 1.5189745 | K73: =H73/(1+J73) -> 0.14073188 | L73: =K73*J73 -> 0.21376812 | M73: 150 | N73: 0.9818 | O73: 1.0794 | P73: =O73-N73 -> 0.0976 | Q73: 0.9809 | R73: 1.0292 | S73: =R73-Q73 -> 0.0483 | V73: AP4_99-120 | W73: P20 | X73: A56 | Y73: anaerobic | Z73: A56 | AA73: 111 | AB73: No | AC73: 0.3633 | AD73: 1.56586 | AE73: =AC73/(1+AD73) -> 0.14158995 | AF73: =AE73*AD73 -> 0.22171005 | AG73: 153 | AH73: 0.3959 | AI73: =AH73-((AG73/1000)/(AC73+AG73/1000))*AH73 -> 0.27857926 | AJ73: =AI73*1000 -> 278.57926 | AK73: =((AH73)-((AG73/1000)/(AE73+AF73+AG73/1000)*AH73))/(1+AD73) -> 0.1085715 | AL73: 0.9808 | AM73: 1.0773 | AN73: =AM73-AL73 -> 0.0965 | AO73: 0.9789 | AP73: 1.0277 | AQ73: =AP73-AO73 -> 0.0488
A74: AT5_150-170 | B74: P40 | C74: A28 | D74: aerobic | E74: A28 x | F74: 56 | G74: Yes | H74: 0.3483 | I74: =H74*1000 -> 348.3 | J74: =J73 -> 1.5189745 | K74: =H74/(1+J74) -> 0.13827056 | L74: =K74*J74 -> 0.21002944 | M74: 150 | N74: 0.9828 | O74: 1.0802 | P74: =O74-N74 -> 0.0974 | Q74: 0.9791 | R74: 1.0256 | S74: =R74-Q74 -> 0.0465 | V74: AP4_99-120 | W74: P20 | X74: A56 | Y74: anaerobic | Z74: A56 x | AA74: 112 | AB74: Yes | AC74: 0.3606 | AD74: 1.56586 | AE74: =AC74/(1+AD74) -> 0.14053768 | AF74: =AE74*AD74 -> 0.22006232 | AG74: 140 | AH74: 0.4177 | AI74: =AH74-((AG74/1000)/(AC74+AG74/1000))*AH74 -> 0.30088418 | AJ74: =AI74*1000 -> 300.88418 | AK74: =((AH74)-((AG74/1000)/(AE74+AF74+AG74/1000)*AH74))/(1+AD74) -> 0.11726446 | AL74: 0.9837 | AM74: 1.0805 | AN74: =AM74-AL74 -> 0.0968 | AO74: 0.9833 | AP74: 1.032 | AQ74: =AP74-AO74 -> 0.0487
C75: Control | F75: 122 | G75: Yes | M75: 150 | N75: 0.9839 | O75: 1.0835 | P75: =O75-N75 -> 0.0996 | Q75: 0.9836 | R75: 1.0327 | S75: =R75-Q75 -> 0.0491
C76: Control | F76: 123 | G76: No | M76: 150 | N76: 0.9844 | O76: 1.0778 | P76: =O76-N76 -> 0.0934 | Q76: 0.9839 | R76: 1.0317 | S76: =R76-Q76 -> 0.0478

Sheet 5_Flushing
A1: Flushing
A2: Flushing of aerobic samples with synthetic air for ca. 15 min, creating overpressure for ca. 3 min
A3: Flushing of anaerobic samples with N2 for 20 min
A4: Aerobic samples: 27.11.24
A5: Anaerobic samples: 09.12.24
A8: Sample | B8: Beginning | C8: End | D8: Overpressure
A9: A1 | B9: 45623.351 | C9: 45623.36 | D9: 45623.363
A10: A2 | B10: 45623.509 | C10: 45623.517 | D10: 45623.519
A11: A3 | B11: 45623.351 | C11: 45623.36 | D11: 45623.363
A12: A4 | B12: 45623.351 | C12: 45623.36 | D12: 45623.363
A13: A5 | B13: 45623.351 | C13: 45623.36 | D13: 45623.363
A14: A6 | B14: 45623.351 | C14: 45623.36 | D14: 45623.363
A15: A7 | B15: 45623.351 | C15: 45623.36 | D15: 45623.363
A16: A8 | B16: 45623.351 | C16: 45623.36 | D16: 45623.363
A17: A9 | B17: 45623.351 | C17: 45623.36 | D17: 45623.363
A18: A10 | B18: 45623.351 | C18: 45623.36 | D18: 45623.363
A19: A11 | B19: 45623.365 | C19: 45623.374 | D19: 45623.376
A20: A12 | B20: 45623.365 | C20: 45623.374 | D20: 45623.376
... A64: A56 | B64: 45635.579 | C64: 45635.593 | D64: 45635.596

Sheet 6_GC measurements aerobic
A1: CO2 measurements aerobic samples
A2: 27.11.2024-29.11.2024
L5: Standards [ppm CO2] | M5: time
A6: t0 | L6: 895 | M6: 0.40277778 | N6: 0.40416667 | O6: 0.45 | P6: 0.52291667
A7: Sample | B7: Time | C7: t0 | D7: Overpressure [hPa] | E7: Area CO2 | F7: CO2 [ppm] | L7: 3000 | M7: 0.40555556 | N7: 0.40972222 | O7: 0.47569444 | P7: 0.52847222
A8: A1 | B8: 45623.426 | C8: 0 | D8: 798 | E8: 118.8355 | F8: =E8/$L$18 -> 115.73631 | L8: 7981 | M8: 0.42013889 | N8: 0.42152778 | O8: 0.42361111 | P8: 0.49930556
A9: A2 | B9: 45623.531 | C9: 0 | D9: 715 | E9: 17.535 | F9: =E9/$L$18 -> 17.077693
A10: A3 | B10: 45623.429 | C10: 0 | D10: 697 | E10: 175.366 | F10: =E10/$L$18 -> 170.79251
A11: A4 | B11: 45623.431 | C11: 0 | D11: 814 | E11: 631.396 | F11: =E11/$L$18 -> 614.92938 | K11: CO2
A12: A5 | B12: 45623.433 | C12: 0 | D12: 818 | E12: 1114.711 | F12: =E12/$L$18 -> 1085.6397 | K12: Standards [ppm CO2] | L12: Area mean | M12: Area1 | N12: Area2 | O12: Area3 | P12: Area4 | Q12: Area5
A13: A6 | B13: 45623.435 | C13: 0 | D13: 823 | E13: 156.921 | F13: =E13/$L$18 -> 152.82855 | K13: 0 | L13: 0
A14: A7 | B14: 45623.44 | C14: 0 | D14: 807 | E14: 45.2185 | F14: =E14/$L$18 -> 44.039215 | K14: 895 | L14: =AVERAGE(M14:Q14) -> 826.88275 | M14: 827.294 | N14: 830.822 | O14: 822.429 | P14: 826.986
A15: A8 | B15: 45623.443 | C15: 0 | D15: 810 | E15: 106.0765 | F15: =E15/$L$18 -> 103.31006 | K15: 3000 | L15: =AVERAGE(M15:Q15) -> 3084.2856 | M15: 3090.468 | N15: 3165.968 | O15: 3098.187 | P15: 2982.5195
A16: A9 | B16: 45623.445 | C16: 0 | D16: 821 | E16: 207.176 | F16: =E16/$L$18 -> 201.77291 | K16: 7981 | L16: =AVERAGE(M16:Q16) -> 8203.5567 | M16: 8327.764 | N16: 8096.529 | O16: 8156.062 | P16: 8233.872
A17: A10 | B17: 45623.448 | C17: 0 | D17: 815 | E17: 166.44 | F17: =E17/$L$18 -> 162.0993
A18: A11 | B18: 45623.452 | C18: 0 | D18: 715 | E18: 155.84 | F18: =E18/$L$18 -> 151.77574 | K18: Faktor_Area_CO2 | L18: {=LINEST(L13:L16,K13:K16,FALSE,FALSE)} -> 1.0267781 | M18: 0
A19: A12 | B19: 45623.454 | C19: 0 | D19: 845 | E19: 67.5345 | F19: =E19/$L$18 -> 65.773221
A20: A13 | B20: 45623.457 | C20: 0 | D20: 783 | E20: 121.1555 | F20: =E20/$L$18 -> 117.9958
A21: A14 | B21: 45623.459 | C21: 0 | D21: 828 | E21: 101.8385 | F21: =E21/$L$18 -> 99.182583
A22: A15 | B22: 45623.461 | C22: 0 | D22: 719 | E22: 151.349 | F22: =E22/$L$18 -> 147.40186
A23: A16 | B23: 45623.464 | C23: 0 | D23: 844 | E23: 267.862 | F23: =E23/$L$18 -> 260.87624
A24: A17 | B24: 45623.466 | C24: 0 | D24: 827 | E24: 58.591 | F24: =E24/$L$18 -> 57.062965
A25: A18 | B25: 45623.469 | C25: 0 | D25: 748 | E25: 97.83 | F25: =E25/$L$18 -> 95.278623 | K25: T_raum [°C] | L25: 22
A26: A19 | B26: 45623.471 | C26: 0 | D26: 840 | E26: 101.595 | F26: =E26/$L$18 -> 98.945433 | K26: P_raum [hPa] | L26: 981.6
A27: A20 | B27: 45623.432 | C27: 0 | D27: 810 | E27: 161.947 | F27: =E27/$L$18 -> 157.72347 | K27: rel_Hum [%] | L27: 40.7
A28: A21 | B28: 45623.478 | C28: 0 | D28: 831 | E28: 158.761 | F28: =E28/$L$18 -> 154.62056
A29: A22 | B29: 45623.483 | C29: 0 | D29: 843 | E29: 128.685 | F29: =E29/$L$18 -> 125.32893
A30: A23 | B30: 45623.485 | C30: 0 | D30: 820 | E30: 109.341 | F30: =E30/$L$18 -> 106.48942
A31: A24 | B31: 45623.487 | C31: 0 | D31: 790 | E31: 189.5905 | F31: =E31/$L$18 -> 184.64604
A32: A25 | B32: 45623.49 | C32: 0 | D32: 851 | E32: 121.053 | F32: =E32/$L$18 -> 117.89597
A33: A26 | B33: 45623.492 | C33: 0 | D33: 855 | E33: 128.627 | F33: =E33/$L$18 -> 125.27245
A34: A27 | B34: 45623.494 | C34: 0 | D34: 832 | E34: 123.085 | F34: =E34/$L$18 -> 119.87498
A35: A28 | B35: 45623.497 | C35: 0 | D35: 792 | E35: 103.198 | F35: =E35/$L$18 -> 100.50663
A43: t1
A44: Sample | B44: Time | C44: t1 | D44: Overpressure [hPa] | E44: Area CO2 | F44: CO2 [ppm] | G44: Differenz vorherige Messung | L44: Standards [ppm CO2] | M44: time
A45: A1 | B45: 45624.363 | C45: =(B45-B8)*24 -> 22.483333 | E45: 1810.2385 | F45: =E45/$L$57 -> 1678.8312 | G45: =E45-E8 -> 1691.403 | L45: 895 | M45: 0.34791667 | N45: 0.35 | O45: 0.39166667
A46: A2 | B46: 45624.444 | C46: =(B46-B9)*24 -> 21.916667 | E46: 920.465 | F46: =E46/$L$57 -> 853.64737 | G46: =E46-E9 -> 902.93 | L46: 3000 | M46: 0.35208333 | N46: 0.35486111 | O46: 0.41875 | P46: 0.42361111
A47: A3 | B47: 45624.365 | C47: =(B47-B10)*24 -> 22.45 | E47: 2607.8075 | F47: =E47/$L$57 -> 2418.5037 | G47: =E47-E10 -> 2432.4415 | L47: 7981 | M47: 0.35694444 | N47: 0.35972222 | O47: 0.44722222 | P47: 0.44930556
A48: A4 | B48: 45624.367 | C48: =(B48-B11)*24 -> 22.466667 | E48: 8233.33 | F48: =E48/$L$57 -> 7635.6629 | G48: =E48-E11 -> 7601.934
A49: A5 | B49: 45624.369 | C49: =(B49-B12)*24 -> 22.466667 | E49: 13673.256 | F49: =E49/$L$57 -> 12680.698 | G49: =E49-E12 -> 12558.545
A50: A6 | B50: 45624.372 | C50: =(B50-B13)*24 -> 22.483333 | E50: 2045.41 | F50: =E50/$L$57 -> 1896.9313 | G50: =E50-E13 -> 1888.489 | K50: CO2
A51: A7 | B51: 45624.38 | C51: =(B51-B14)*24 -> 22.566667 | E51: 584.112 | F51: =E51/$L$57 -> 541.71063 | G51: =E51-E14 -> 538.8935 | K51: Standards [ppm CO2] | L51: Area Mittel | M51: Area1 | N51: Area2 | O51: Area3 | P51: Area4 | Q51: Area5
A52: A8 | B52: 45624.382 | C52: =(B52-B15)*24 -> 22.533333 | E52: 1323.587 | F52: =E52/$L$57 -> 1227.5063 | G52: =E52-E15 -> 1217.5105 | K52: 0 | L52: 0
A53: A9 | B53: 45624.387 | C53: =(B53-B16)*24 -> 22.6 | E53: 2314.863 | F53: =E53/$L$57 -> 2146.8244 | G53: =E53-E16 -> 2107.687 | K53: 895 | L53: =AVERAGE(M53:Q53) -> 853.44433 | M53: 863.622 | N53: 848.025 | O53: 848.686
A54: A10 | B54: 45624.39 | C54: =(B54-B17)*24 -> 22.6 | E54: 1904.4535 | F54: =E54/$L$57 -> 1766.207 | G54: =E54-E17 -> 1738.0135 | K54: 3000 | L54: =AVERAGE(M54:Q54) -> 3184.855 | M54: 3274.075 | N54: 3261.554 | O54: 3090.839 | P54: 3112.952
A55: A11 | B55: 45624.394 | C55: =(B55-B18)*24 -> 22.616667 | E55: 2526.07 | F55: =E55/$L$57 -> 2342.6996 | G55: =E55-E18 -> 2370.23 | K55: 7981 | L55: =AVERAGE(M55:O55) -> 8636.995 | M55: 8796.867 | N55: 8797.957 | O55: 8316.161 | P55: 8060.858
A56: A12 | B56: 45624.397 | C56: =(B56-B19)*24 -> 22.616667 | E56: 844.7585 | F56: =E56/$L$57 -> 783.43649 | G56: =E56-E19 -> 777.224
A57: A13 | B57: 45624.399 | C57: =(B57-B20)*24 -> 22.616667 | E57: 1709.777 | F57: =E57/$L$57 -> 1585.6623 | G57: =E57-E20 -> 1588.6215 | K57: Faktor_Area_CO2 | L57: {=LINEST(L52:L55,K52:K55,FALSE,FALSE)} -> 1.0782731 | M57: 0
A58: A14 | B58: 45624.402 | C58: =(B58-B21)*24 -> 22.633333 | E58: 1371.375 | F58: =E58/$L$57 -> 1271.8253 | G58: =E58-E21 -> 1269.5365
A59: A15 | B59: 45624.404 | C59: =(B59-B22)*24 -> 22.633333 | E59: 2045.755 | F59: =E59/$L$57 -> 1897.2512 | G59: =E59-E22 -> 1894.406
A60: A16 | B60: 45624.406 | C60: =(B60-B23)*24 -> 22.616667 | E60: 3253.24 | F60: =E60/$L$57 -> 3017.0835 | G60: =E60-E23 -> 2985.378
A61: A17 | B61: 45624.409 | C61: =(B61-B24)*24 -> 22.633333 | E61: 704.425 | F61: =E61/$L$57 -> 653.28996 | G61: =E61-E24 -> 645.834
A62: A18 | B62: 45624.411 | C62: =(B62-B25)*24 -> 22.616667 | E62: 1088.352 | F62: =E62/$L$57 -> 1009.3473 | G62: =E62-E25 -> 990.522
A63: A19 | B63: 45624.414 | C63: =(B63-B26)*24 -> 22.633333 | E63: 1137.933 | F63: =E63/$L$57 -> 1055.3291 | G63: =E63-E26 -> 1036.338
A64: A20 | B64: 45624.416 | C64: =(B64-B27)*24 -> 23.616667 | E64: 1819.863 | F64: =E64/$L$57 -> 1687.757 | G64: =E64-E27 -> 1657.916 | K64: T_raum [°C] | L64: 21.9 | M64: T_raum [K] | N64: =L64+273.15 -> 295.05
A65: A21 | B65: 45624.426 | C65: =(B65-B28)*24 -> 22.733333 | E65: 1701.296 | F65: =E65/$L$57 -> 1577.7969 | G65: =E65-E28 -> 1542.535 | K65: P_raum [hPa] | L65: 976.5
A66: A22 | B66: 45624.428 | C66: =(B66-B29)*24 -> 22.7 | E66: 1484.353 | F66: =E66/$L$57 -> 1376.6021 | G66: =E66-E29 -> 1355.668 | K66: rel_Hum [%] | L66: 37.8
A67: A23 | B67: 45624.431 | C67: =(B67-B30)*24 -> 22.7 | E67: 1395.518 | F67: =E67/$L$57 -> 1294.2157 | G67: =E67-E30 -> 1286.177
A68: A24 | B68: 45624.433 | C68: =(B68-B31)*24 -> 22.716667 | E68: 2297.6975 | F68: =E68/$L$57 -> 2130.9049 | G68: =E68-E31 -> 2108.107
A69: A25 | B69: 45624.435 | C69: =(B69-B32)*24 -> 22.7 | E69: 1306.2695 | F69: =E69/$L$57 -> 1211.4459 | G69: =E69-E32 -> 1185.2165
A70: A26 | B70: 45624.438 | C70: =(B70-B33)*24 -> 22.7 | E70: 1423.1525 | F70: =E70/$L$57 -> 1319.8442 | G70: =E70-E33 -> 1294.5255
A71: A27 | B71: 45624.44 | C71: =(B71-B34)*24 -> 22.7 | E71: 1334.537 | F71: =E71/$L$57 -> 1237.6614 | G71: =E71-E34 -> 1211.452
A72: A28 | B72: 45624.442 | C72: =(B72-B35)*24 -> 22.7 | E72: 1195.497 | F72: =E72/$L$57 -> 1108.7145 | G72: =E72-E35 -> 1092.299
A81: t2
A82: Sample | B82: Time | C82: t2 | D82: Overpressure [hPa] | E82: Area CO2 | F82: CO2 [ppm] | G82: Differenz vorherige Messung | L82: Standards [ppm CO2] | M82: time
A83: A1 | B83: 45624.633 | C83: =(B83-B8)*24 -> 28.966667 | E83: 2186.821 | F83: =E83/$L$95 -> 2083.0281 | G83: =F83-F45 -> 404.19691 | L83: 895 | M83: 0.61805556 | N83: 0.62083333 | O83: 0.65416667
A84: A2 | B84: 45624.713 | C84: =(B84-B9)*24 -> 28.35 | E84: 1119.981 | F84: =E84/$L$95 -> 1066.8234 | G84: =F84-F46 -> 213.17606 | L84: 3000 | M84: 0.62291667 | N84: 0.62569444 | O84: 0.68611111
A85: A3 | B85: 45624.635 | C85: =(B85-B10)*24 -> 28.933333 | E85: 3091.3605 | F85: =E85/$L$95 -> 2944.6355 | G85: =F85-F47 -> 526.13179 | L85: 7981 | M85: 0.62777778 | N85: 0.62986111 | O85: 0.71458333
A86: A4 | B86: 45624.637 | C86: =(B86-B11)*24 -> 28.95 | E86: 9852.789 | F86: =E86/$L$95 -> 9385.1468 | G86: =F86-F48 -> 1749.4839
A87: A5 | B87: 45624.64 | C87: =(B87-B12)*24 -> 28.95 | E87: 16185.033 | F87: =E87/$L$95 -> 15416.844 | G87: =F87-F49 -> 2736.1456
A88: A6 | B88: 45624.642 | C88: =(B88-B13)*24 -> 28.966667 | E88: 2502.268 | F88: =E88/$L$95 -> 2383.503 | G88: =F88-F50 -> 486.57175 | K88: CO2
A89: A7 | B89: 45624.644 | C89: =(B89-B14)*24 -> 28.916667 | E89: 792.198 | F89: =E89/$L$95 -> 754.59797 | G89: =F89-F51 -> 212.88734 | K89: Standards [ppm CO2] | L89: Area Mittel | M89: Area1 | N89: Area2 | O89: Area3 | P89: Area4 | Q89: Area5
A90: A8 | B90: 45624.647 | C90: =(B90-B15)*24 -> 28.9 | E90: 1748.3315 | F90: =E90/$L$95 -> 1665.3506 | G90: =F90-F52 -> 437.8443 | K90: 0 | L90: 0
A91: A9 | B91: 45624.649 | C91: =(B91-B16)*24 -> 28.9 | E91: 2925.9585 | F91: =E91/$L$95 -> 2787.0839 | G91: =F91-F53 -> 640.25956 | K91: 895 | L91: =AVERAGE(M91:Q91) -> 838.53383 | M91: 827.3075 | N91: 838.01 | O91: 850.284
A92: A10 | B92: 45624.651 | C92: =(B92-B17)*24 -> 28.883333 | E92: 2384.588 | F92: =E92/$L$95 -> 2271.4085 | G92: =F92-F54 -> 505.20149 | K92: 3000 | L92: =AVERAGE(M92:Q92) -> 3076.1243 | M92: 3122.759 | N92: 3085.118 | O92: 3020.496
A93: A11 | B93: 45624.656 | C93: =(B93-B18)*24 -> 28.9 | E93: 3338.5625 | F93: =E93/$L$95 -> 3180.1046 | G93: =F93-F55 -> 837.40494 | K93: 7981 | L93: =AVERAGE(M93:Q93) -> 8417.585 | M93: 8376.151 | N93: 8423.439 | O93: 8453.165
A94: A12 | B94: 45624.659 | C94: =(B94-B19)*24 -> 28.916667 | E94: 1048.0785 | F94: =E94/$L$95 -> 998.33363 | G94: =F94-F56 -> 214.89714
A95: A13 | B95: 45624.661 | C95: =(B95-B20)*24 -> 28.9 | E95: 2156.25 | F95: =E95/$L$95 -> 2053.9081 | G95: =F95-F57 -> 468.24578 | K95: Faktor_Area_CO2 | L95: {=LINEST(L90:L93,K90:K93,FALSE,FALSE)} -> 1.0498279 | M95: 0
A96: A14 | B96: 45624.664 | C96: =(B96-B21)*24 -> 28.916667 | E96: 1701.4355 | F96: =E96/$L$95 -> 1620.6804 | G96: =F96-F58 -> 348.85511
A97: A15 | B97: 45624.669 | C97: =(B97-B22)*24 -> 28.983333 | E97: 2419.5385 | F97: =E97/$L$95 -> 2304.7001 | G97: =F97-F59 -> 407.44887
A98: A16 | B98: 45624.676 | C98: =(B98-B23)*24 -> 29.1 | E98: 3877.77 | F98: =E98/$L$95 -> 3693.7197 | G98: =F98-F60 -> 676.63619
A99: A17 | B99: 45624.674 | C99: =(B99-B24)*24 -> 28.983333 | E99: 846.726 | F99: =E99/$L$95 -> 806.53791 | G99: =F99-F61 -> 153.24794
A100: A18 | B100: 45624.678 | C100: =(B100-B25)*24 -> 29.033333 | E100: 1398.198 | F100: =E100/$L$95 -> 1331.8354 | G100: =F100-F62 -> 322.48818
A101: A19 | B101: 45624.681 | C101: =(B101-B26)*24 -> 29.05 | E101: 1425.064 | F101: =E101/$L$95 -> 1357.4263 | G101: =F101-F63 -> 302.09718
A102: A20 | B102: 45624.683 | C102: =(B102-B27)*24 -> 30.033333 | E102: 2287.9015 | F102: =E102/$L$95 -> 2179.311 | G102: =F102-F64 -> 491.55399 | K102: T_raum [°C] | L102: 21.9
A103: A21 | B103: 45624.688 | C103: =(B103-B28)*24 -> 29.033333 | E103: 2508.5875 | F103: =E103/$L$95 -> 2389.5226 | G103: =F103-F65 -> 811.72567 | K103: P_raum [hPa] | L103: 979.6
A104: A22 | B104: 45624.691 | C104: =(B104-B29)*24 -> 29 | E104: 1841.737 | F104: =E104/$L$95 -> 1754.3228 | G104: =F104-F66 -> 377.7207 | K104: rel_Hum [%] | L104: 38.6
A105: A23 | B105: 45624.696 | C105: =(B105-B30)*24 -> 29.066667 | E105: 1747.5445 | F105: =E105/$L$95 -> 1664.6009 | G105: =F105-F67 -> 370.38521
A106: A24 | B106: 45624.699 | C106: =(B106-B31)*24 -> 29.083333 | E106: 3020.787 | F106: =E106/$L$95 -> 2877.4116 | G106: =F106-F68 -> 746.50666
A107: A25 | B107: 45624.701 | C107: =(B107-B32)*24 -> 29.066667 | E107: 1658.307 | F107: =E107/$L$95 -> 1579.5989 | G107: =F107-F69 -> 368.15303
A108: A26 | B108: 45624.703 | C108: =(B108-B33)*24 -> 29.083333 | E108: 1768.862 | F108: =E108/$L$95 -> 1684.9066 | G108: =F108-F70 -> 365.06244
A109: A27 | B109: 45624.706 | C109: =(B109-B34)*24 -> 29.066667 | E109: 1711 | F109: =E109/$L$95 -> 1629.7909 | G109: =F109-F71 -> 392.12954
A110: A28 | B110: 45624.71 | C110: =(B110-B35)*24 -> 29.116667 | E110: 1525.144 | F110: =E110/$L$95 -> 1452.7562 | G110: =F110-F72 -> 344.04173
A118: t3
A119: Sample | B119: Time | C119: t3 | D119: Overpressure [hPa] | E119: Area CO2 | F119: CO2 [ppm] | G119: Area CH4 | H119: CH4 [ppm] | I119: Differenz vorherige Messung | L119: Standards [ppm CO2] | M119: time
A120: A1 | B120: 45625.36 | C120: =(B120-B8)*24 -> 46.433333 | D120: 605 | E120: 3860.7855 | F120: =E120/$L$132 -> 3663.1592 | G120: 29.87 | H120: =G120/$L$150 -> 4.1428473 | I120: =F120-F83 -> 1580.1311 | L120: 895 | M120: 0.33472222 | N120: 0.3375 | O120: 0.39861111 | P120: 0.40208333
A121: A2 | B121: 45625.47 | C121: =(B121-B9)*24 -> 46.533333 | D121: 403 | E121: 2057.682 | F121: =E121/$L$95 -> 1960.0184 | G121: 8.813 | H121: =G121/$L$150 -> 1.2223272 | I121: =F121-F84 -> 893.19497 | L121: 3000 | M121: 0.34097222 | N121: 0.34444444 | O121: 0.44444444
A122: A3 | B122: 45625.363 | C122: =(B122-B10)*24 -> 46.416667 | D122: 557 | E122: 5108.5135 | F122: =E122/$L$95 -> 4866.0485 | G122: 13.513 | H122: =G122/$L$150 -> 1.874198 | I122: =F122-F85 -> 1921.413 | L122: 7981 | M122: 0.34791667 | N122: 0.35138889 | O122: 0.47291667 | P122: 0.47638889
A123: A4 | B123: 45625.367 | C123: =(B123-B11)*24 -> 46.45 | D123: 488 | E123: 16033.065 | F123: =E123/$L$95 -> 15272.089 | G123: 13.449 | H123: =G123/$L$150 -> 1.8653215 | I123: =F123-F86 -> 5886.942
A124: A5 | B124: 45625.377 | C124: =(B124-B12)*24 -> 46.65 | D124: 623 | E124: 24870.475 | F124: =E124/$L$95 -> 23690.049 | G124: 12.7785 | H124: =G124/$L$150 -> 1.7723259 | I124: =F124-F87 -> 8273.2055
...

Sheet 7_GC measurements anaerobic
A1: CO2 measurements anaerobic samples | AC1: CO2 | BF1: CH4
A2: 9.12.2024 - 16.12.2024
O5: Standards [ppm CO2] | P5: time
A6: t0 | O6: 895 | P6: 0.58194444 | Q6: 0.58472222 | R6: 0.64513889
A7: Sample | B7: Time | C7: t0 | D7: Overpressure [hPa] | E7: Area CO2 | F7: CO2 [ppm] | G7: Area CH4 | H7: CH4 [ppm] | O7: 3000 | P7: 0.60208333 | Q7: 0.60555556 | R7: 0.68055556
A8: A29 | B8: 45635.617 | C8: 0 | D8: 771 | E8: 41.423 | F8: =E8/$O$18 -> 39.36424 | G8: 14.746 | H8: =G8/$O$34 -> 2.0053113 | O8: 7981 | P8: 0.60902778 | Q8: 0.6125 | R8: 0.71111111
A9: A30 | B9: 45635.62 | C9: 0 | D9: 795 | E9: 21.7935 | F9: =E9/$O$18 -> 20.710344 | G9: 1.289 | H9: =G9/$O$34 -> 0.17529135
A10: A31 | B10: 45635.624 | C10: 0 | D10: 788 | E10: 47.671 | F10: =E10/$O$18 -> 45.301709 | G10: 0.6595 | H10: =G10/$O$34 -> 0.089685528
A11: A32 | B11: 45635.627 | C11: 0 | D11: 809 | E11: 45.837 | F11: =E11/$O$18 -> 43.558861 | G11: 0.533 | H11: =G11/$O$34 -> 0.072482769 | N11: CO2
A12: A33 | B12: 45635.63 | C12: 0 | D12: 710 | E12: 42.532 | F12: =E12/$O$18 -> 40.418122 | G12: 0 | H12: =G12/$O$34 -> 0 | N12: Standards [ppm CO2] | O12: Area mean | P12: Area1 | Q12: Area2 | R12: Area3 | S12: Area4 | T12: Area5
A13: A34 | B13: 45635.708 | C13: 0 | D13: 854 | E13: 26.963 | F13: =E13/$O$18 -> 25.622915 | G13: 0 | H13: =G13/$O$34 -> 0 | N13: 0 | O13: 0
A14: A35 | B14: 45635.633 | C14: 0 | D14: 762 | E14: 18.401 | F14: =E14/$O$18 -> 17.486454 | G14: 0 | H14: =G14/$O$34 -> 0 | N14: 895 | O14: =AVERAGE(P14:T14) -> 823.848 | P14: 835.378 | Q14: 825.159 | R14: 811.007
A15: A36 | B15: 45635.636 | C15: 0 | D15: 765 | E15: 21.015 | F15: =E15/$O$18 -> 19.970536 | G15: 0.652 | H15: =G15/$O$34 -> 0.088665602 | N15: 3000 | O15: =AVERAGE(P15:T15) -> 3064.5768 | P15: 2970.821 | Q15: 3139.707 | R15: 3083.2025
A16: A37 | B16: 45635.64 | C16: 0 | D16: 766 | E16: 22.67 | F16: =E16/$O$18 -> 21.543281 | G16: 0 | H16: =G16/$O$34 -> 0 | N16: 7981 | O16: =AVERAGE(P16:T16) -> 8446.3405 | P16: 8423.0315 | Q16: 8515.152 | R16: 8400.838
A17: A38 | B17: 45635.642 | C17: 0 | D17: 763 | E17: 64.698 | F17: =E17/$O$18 -> 61.482452 | G17: 0 | H17: =G17/$O$34 -> 0
A18: A39 | B18: 45635.649 | C18: 0 | D18: 806 | E18: 24.1145 | F18: =E18/$O$18 -> 22.915988 | G18: 0 | H18: =G18/$O$34 -> 0 | N18: Faktor_Area_CO2 | O18: {=LINEST(O13:O16,N13:N16,FALSE,FALSE)} -> 1.0523003 | P18: 0
A19: A40 | B19: 45635.651 | C19: 0 | D19: 813 | E19: 30.4915 | F19: =E19/$O$18 -> 28.976045 | G19: 0 | H19: =G19/$O$34 -> 0
A20: A41 | B20: 45635.656 | C20: 0 | D20: 786 | E20: 21.5375 | F20: =E20/$O$18 -> 20.467067 | G20: 0 | H20: =G20/$O$34 -> 0
A21: A42 | B21: 45635.66 | C21: 0 | D21: 819 | E21: 29.4045 | F21: =E21/$O$18 -> 27.94307 | G21: 0 | H21: =G21/$O$34 -> 0 | O21: Standards [ppm CH4] | P21: time
A22: A43 | B22: 45635.662 | C22: 0 | D22: 800 | E22: 34.909 | F22: =E22/$O$18 -> 33.173992 | G22: 0 | H22: =G22/$O$34 -> 0 | O22: 2 | P22: 0.5875 | Q22: 0.59861111 | R22: 0.64513889
A23: A44 | B23: 45635.666 | C23: 0 | D23: 787 | E23: 31.694 | F23: =E23/$O$18 -> 30.11878 | G23: 0 | H23: =G23/$O$34 -> 0 | O23: 30 | P23: 0.60208333 | Q23: 0.60555556 | R23: 0.68055556
A24: A45 | B24: 45635.669 | C24: 0 | D24: 784 | E24: 21.32 | F24: =E24/$O$18 -> 20.260377 | G24: 0 | H24: =G24/$O$34 -> 0 | O24: 1000 | P24: 0.60902778 | Q24: 0.6125 | R24: 0.71111111
A25: A46 | B25: 45635.672 | C25: 0 | D25: 780 | E25: 30.621 | F25: =E25/$O$18 -> 29.099109 | G25: 0 | H25: =G25/$O$34 -> 0
A26: A47 | B26: 45635.674 | C26: 0 | D26: 806 | E26: 30.896 | F26: =E26/$O$18 -> 29.360441 | G26: 0 | H26: =G26/$O$34 -> 0
A27: A48 | B27: 45635.678 | C27: 0 | D27: 792 | E27: 29.473 | F27: =E27/$O$18 -> 28.008166 | G27: 0 | H27: =G27/$O$34 -> 0 | N27: CH4
A28: A49 | B28: 45635.685 | C28: 0 | D28: 790 | E28: 28.044 | F28: =E28/$O$18 -> 26.650188 | G28: 1.031 | H28: =G28/$O$34 -> 0.14020588 | N28: Standards [ppm CH4] | O28: Area Mittel | P28: Area1 | Q28: Area2 | R28: Area3 | S28: Area4 | T28: Area5
A29: A50 | B29: 45635.688 | C29: 0 | D29: 802 | E29: 29.299 | F29: =E29/$O$18 -> 27.842814 | G29: 0.588 | H29: =G29/$O$34 -> 0.07996223 | N29: 0 | O29: 0 | P29: 0 | Q29: 0
A30: A51 | B30: 45635.691 | C30: 0 | D30: 794 | E30: 26.314 | F30: =E30/$O$18 -> 25.006171 | G30: 0 | H30: =G30/$O$34 -> 0 | N30: 2 | O30: =AVERAGE(P30:T30) -> 14.9785 | P30: 14.817 | Q30: 15.082 | R30: 15.0365
A31: A52 | B31: 45635.694 | C31: 0 | D31: 794 | E31: 20.42 | F31: =E31/$O$18 -> 19.405108 | G31: 0.5495 | H31: =G31/$O$34 -> 0.074726607 | N31: 30 | O31: =AVERAGE(P31:T31) -> 216.7125 | P31: 217.8595 | Q31: 217.027 | R31: 215.251
A32: A53 | B32: 45635.697 | C32: 0 | D32: 807 | E32: 19.308 | F32: =E32/$O$18 -> 18.348375 | G32: 0.548 | H32: =G32/$O$34 -> 0.074522622 | N32: 1000 | O32: =AVERAGE(P32:T32) -> 7353.588 | P32: 7324.802 | Q32: 7331.465 | R32: 7404.497
A33: A54 | B33: 45635.699 | C33: 0 | D33: 774 | E33: 23.5595 | F33: =E33/$O$18 -> 22.388572 | G33: 0 | H33: =G33/$O$34 -> 0
A34: A55 | B34: 45635.703 | C34: 0 | D34: 785 | E34: 14.037 | F34: =E34/$O$18 -> 13.339349 | G34: 0 | H34: =G34/$O$34 -> 0 | N34: Faktor_Area_CH4 | O34: {=LINEST(O29:O32,N29:N32,FALSE,FALSE)} -> 7.3534718 | P34: 0
A35: A56 | B35: 45635.706 | C35: 0 | D35: 790 | E35: 18.042 | F35: =E35/$O$18 -> 17.145297 | G35: 0 | H35: =G35/$O$34 -> 0
N39: T_raum [°C] | O39: 22
N40: P_raum [hPa] | O40: 978
N41: rel_Hum [%] | O41: 40.8
A47: t1
A48: Sample | B48: Time | C48: t1 | D48: Overpressure [hPa] | E48: Area CO2 | F48: CO2 [ppm] | G48: Differenz vorherige Messung | H48: Area CH4 | I48: CH4 [ppm] | J48: Differenz vorherige Messung | O48: Standards [ppm CO2] | P48: time
A49: A29 | B49: 45638.375 | C49: =(B49-B8)*24 -> 66.2 | E49: 408.407 | F49: =E49/$O$61 -> 395.16582 | G49: =E49-E8 -> 366.984 | H49: 3.606 | I49: =H49/$O$78 -> 0.49581865 | J49: =I49-H8 -> -1.5094926 | O49: 895 | P49: 0.36041667 | Q49: 0.3625 | R49: 0.40833333
A50: A30 | B50: 45638.379 | C50: =(B50-B9)*24 -> 66.216667 | E50: 275.517 | F50: =E50/$O$61 -> 266.58432 | G50: =E50-E9 -> 253.7235 | H50: 1.093 | I50: =H50/$O$78 -> 0.15028558 | J50: =I50-H9 -> -0.025005774 | O50: 3000 | P50: 0.36458333 | Q50: 0.36736111 | R50: 0.44652778 | S50: 0.44930556
A51: A31 | B51: 45638.383 | C51: =(B51-B10)*24 -> 66.216667 | E51: 378.0865 | F51: =E51/$O$61 -> 365.82836 | G51: =E51-E10 -> 330.4155 | H51: 1.284 | I51: =H51/$O$78 -> 0.17654774 | J51: =I51-H10 -> 0.086862212 | O51: 7981 | P51: 0.36944444 | Q51: 0.37222222 | R51: 0.47847222
A52: A32 | B52: 45638.386 | C52: =(B52-B11)*24 -> 66.216667 | E52: 531.893 | F52: =E52/$O$61 -> 514.64821 | G52: =E52-E11 -> 486.056 | H52: 1.3405 | I52: =H52/$O$78 -> 0.18431639 | J52: =I52-H11 -> 0.11183362
A53: A33 | B53: 45638.389 | C53: =(B53-B12)*24 -> 66.216667 | E53: 546.054 | F53: =E53/$O$61 -> 528.35009 | G53: =E53-E12 -> 503.522 | H53: 0.9825 | I53: =H53/$O$78 -> 0.13509202 | J53: =I53-H12 -> 0.13509202
A54: A34 | B54: 45638.476 | C54: =(B54-B13)*24 -> 66.416667 | E54: 418.74 | F54: =E54/$O$61 -> 405.16381 | G54: =E54-E13 -> 391.777 | H54: 0.573 | I54: =H54/$O$78 -> 0.078786491 | J54: =I54-H13 -> 0.078786491 | N54: CO2
A55: A35 | B55: 45638.392 | C55: =(B55-B14)*24 -> 66.216667 | E55: 108.916 | F55: =E55/$O$61 -> 105.38478 | G55: =E55-E14 -> 90.515 | H55: 1.461 | I55: =H55/$O$78 -> 0.20088493 | J55: =I55-H14 -> 0.20088493 | N55: Standards [ppm CO2] | O55: Area Mittel | P55: Area1 | Q55: Area2 | R55: Area3 | S55: Area4 | T55: Area5
A56: A36 | B56: 45638.396 | C56: =(B56-B15)*24 -> 66.233333 | E56: 181.3725 | F56: =E56/$O$61 -> 175.49213 | G56: =E56-E15 -> 160.3575 | H56: 0.729 | I56: =H56/$O$78 -> 0.10023622 | J56: =I56-H15 -> 0.011570615 | N56: 0 | O56: 0
A57: A37 | B57: 45638.399 | C57: =(B57-B16)*24 -> 66.216667 | E57: 277.509 | F57: =E57/$O$61 -> 268.51173 | G57: =E57-E16 -> 254.839 | H57: 0.667 | I57: =H57/$O$78 -> 0.091711326 | J57: =I57-H16 -> 0.091711326 | N57: 895 | O57: =AVERAGE(P57:T57) -> 771.88183 | P57: 706.4595 | Q57: 799.446 | R57: 809.74
A58: A38 | B58: 45638.402 | C58: =(B58-B17)*24 -> 66.233333 | E58: 952.854 | F58: =E58/$O$61 -> 921.96101 | G58: =E58-E17 -> 888.156 | H58: 1.74 | I58: =H58/$O$78 -> 0.23924694 | J58: =I58-H17 -> 0.23924694 | N58: 3000 | O58: =AVERAGE(P58:T58) -> 3055.7192 | P58: 3020.044 | Q58: 3057.218 | R58: 3048.323 | S58: 3097.292
A59: A39 | B59: 45638.405 | C59: =(B59-B18)*24 -> 66.15 | E59: 264.494 | F59: =E59/$O$61 -> 255.9187 | G59: =E59-E18 -> 240.3795 | H59: 0.732 | I59: =H59/$O$78 -> 0.10064871 | J59: =I59-H18 -> 0.10064871 | N59: 7981 | O59: =AVERAGE(P59:T59) -> 8282.438 | P59: 8290.3245 | Q59: 8364.8945 | R59: 8192.095
A60: A40 | B60: 45638.412 | C60: =(B60-B19)*24 -> 66.266667 | E60: 695.9075 | F60: =E60/$O$61 -> 673.34511 | G60: =E60-E19 -> 665.416 | H60: 0.901 | I60: =H60/$O$78 -> 0.12388591 | J60: =I60-H19 -> 0.12388591
A61: A41 | B61: 45638.419 | C61: =(B61-B20)*24 -> 66.3 | E61: 283.907 | F61: =E61/$O$61 -> 274.7023 | G61: =E61-E20 -> 262.3695 | H61: 0.744 | I61: =H61/$O$78 -> 0.10229869 | J61: =I61-H20 -> 0.10229869 | N61: Faktor_Area_CO2 | O61: {=LINEST(O56:O59,N56:N59,FALSE,FALSE)} -> 1.0335079 | P61: 0
A62: A42 | B62: 45638.422 | C62: =(B62-B21)*24 -> 66.283333 | E62: 346.9915 | F62: =E62/$O$61 -> 335.7415 | G62: =E62-E21 -> 317.587 | H62: 0 | I62: =H62/$O$78 -> 0 | J62: =I62-H21 -> 0
A63: A43 | B63: 45638.425 | C63: =(B63-B22)*24 -> 66.3 | E63: 394.8075 | F63: =E63/$O$61 -> 382.00724 | G63: =E63-E22 -> 359.8985 | H63: 0.699 | I63: =H63/$O$78 -> 0.096111269 | J63: =I63-H22 -> 0.096111269
A64: A44 | B64: 45638.428 | C64: =(B64-B23)*24 -> 66.283333 | E64: 412.8 | F64: =E64/$O$61 -> 399.41639 | G64: =E64-E23 -> 381.106 | H64: 0.721 | I64: =H64/$O$78 -> 0.099136231 | J64: =I64-H23 -> 0.099136231
A65: A45 | B65: 45638.431 | C65: =(B65-B24)*24 -> 66.3 | E65: 239.6125 | F65: =E65/$O$61 -> 231.8439 | G65: =E65-E24 -> 218.2925 | H65: 0 | I65: =H65/$O$78 -> 0 | J65: =I65-H24 -> 0 | O65: Standards [ppm CH4] | P65: time
A66: A46 | B66: 45638.434 | C66: =(B66-B25)*24 -> 66.3 | E66: 477.205 | F66: =E66/$O$61 -> 461.73328 | G66: =E66-E25 -> 446.584 | H66: 1.322 | I66: =H66/$O$78 -> 0.18177267 | J66: =I66-H25 -> 0.18177267 | O66: 2 | P66: 0.33333333 | Q66: 0.33680556 | R66: 0.40833333
A67: A47 | B67: 45638.437 | C67: =(B67-B26)*24 -> 66.3 | E67: 306.684 | F67: =E67/$O$61 -> 296.74084 | G67: =E67-E26 -> 275.788 | H67: 0 | I67: =H67/$O$78 -> 0 | J67: =I67-H26 -> 0 | O67: 30 | P67: 0.34027778 | Q67: 0.34305556 | R67: 0.44930556
A68: A48 | B68: 45638.44 | C68: =(B68-B27)*24 -> 66.3 | E68: 298.38 | F68: =E68/$O$61 -> 288.70606 | G68: =E68-E27 -> 268.907 | H68: 0 | I68: =H68/$O$78 -> 0 | J68: =I68-H27 -> 0 | O68: 1000 | P68: 0.34791667 | Q68: 0.35138889 | R68: 0.47847222
A69: A49 | B69: 45638.444 | C69: =(B69-B28)*24 -> 66.216667 | E69: 276.425 | F69: =E69/$O$61 -> 267.46288 | G69: =E69-E28 -> 248.381 | H69: 0 | I69: =H69/$O$78 -> 0 | J69: =I69-H28 -> -0.14020588
A70: A50 | B70: 45638.453 | C70: =(B70-B29)*24 -> 66.366667 | E70: 335.29 | F70: =E70/$O$61 -> 324.41939 | G70: =E70-E29 -> 305.991 | H70: 1.127 | I70: =H70/$O$78 -> 0.15496052 | J70: =I70-H29 -> 0.074998286
A71: A51 | B71: 45638.457 | C71: =(B71-B30)*24 -> 66.383333 | E71: 215.926 | F71: =E71/$O$61 -> 208.92535 | G71: =E71-E30 -> 189.612 | H71: 0.817 | I71: =H71/$O$78 -> 0.11233606 | J71: =I71-H30 -> 0.11233606 | N71: CH4
A72: A52 | B72: 45638.46 | C72: =(B72-B31)*24 -> 66.383333 | E72: 201.423 | F72: =E72/$O$61 -> 194.89256 | G72: =E72-E31 -> 181.003 | H72: 0 | I72: =H72/$O$78 -> 0 | J72: =I72-H31 -> -0.074726607 | N72: Standards [ppm CH4] | O72: Area Mittel | P72: Area1 | Q72: Area2 | R72: Area3 | S72: Area4 | T72: Area5
A73: A53 | B73: 45638.463 | C73: =(B73-B32)*24 -> 66.4 | E73: 138.904 | F73: =E73/$O$61 -> 134.40052 | G73: =E73-E32 -> 119.596 | H73: 0 | I73: =H73/$O$78 -> 0 | J73: =I73-H32 -> -0.074522622 | N73: 0 | O73: 0 | P73: 0 | Q73: 0
A74: A54 | B74: 45638.466 | C74: =(B74-B33)*24 -> 66.4 | E74: 216.963 | F74: =E74/$O$61 -> 209.92873 | G74: =E74-E33 -> 193.4035 | H74: 0 | I74: =H74/$O$78 -> 0 | J74: =I74-H33 -> 0 | N74: 2 | O74: =AVERAGE(P74:T74) -> 14.939847 | P74: 15.097 | Q74: 14.908 | R74: 14.81454
A75: A55 | B75: 45638.469 | C75: =(B75-B34)*24 -> 66.4 | E75: 171.367 | F75: =E75/$O$61 -> 165.81102 | G75: =E75-E34 -> 157.33 | H75: 0.509 | I75: =H75/$O$78 -> 0.069986604 | J75: =I75-H34 -> 0.069986604 | N75: 30 | O75: =AVERAGE(P75:T75) -> 215.449 | P75: 216.488 | Q75: 216.31 | R75: 213.549
A76: A56 | B76: 45638.472 | C76: =(B76-B35)*24 -> 66.4 | E76: 135.612 | F76: =E76/$O$61 -> 131.21525 | G76: =E76-E35 -> 117.57 | H76: 0 | I76: =H76/$O$78 -> 0 | J76: =I76-H35 -> 0 | N76: 1000 | O76: =AVERAGE(P76:T76) -> 7272.9017 | P76: 7275.594 | Q76: 7271.828 | R76: 7271.283
N78: Faktor_Area_CH4 | O78: {=LINEST(O73:O76,N73:N76,FALSE,FALSE)} -> 7.2728204 | P78: 0
N81: T_raum [°C] | O81: 21.8 | P81: T_raum [K] | Q81: =O81+273.15 -> 294.95
N82: P_raum [hPa] | O82: 988.3
N83: rel_Hum [%] | O83: 44.1
A89: t2
A90: Sample | B90: Time | C90: t2 | D90: Overpressure [hPa] | E90: Area CO2 | F90: CO2 [ppm] | G90: Differenz vorherige Messung | H90: Area CH4 | I90: CH4 [ppm] | J90: Differenz vorherige Messung | O90: Standards [ppm CO2] | P90: time
A91: A29 | B91: 45640.366 | C91: =(B91-B8)*24 -> 113.98333 | E91: 703.849 | F91: =E91/$O$103 -> 644.58191 | G91: =F91-F49 -> 249.41609 | H91: 7.338 | I91: =H91/$O$120 -> 1.0183429 | J91: =I91-I49 -> 0.52252424 | O91: 895 | P91: 0.34166667 | Q91: 0.34652778 | R91: 0.40625
A92: A30 | B92: 45640.37 | C92: =(B92-B9)*24 -> 114 | E92: 447.729 | F92: =E92/$O$103 -> 410.02831 | G92: =F92-F50 -> 143.44399 | H92: 1.599 | I92: =H92/$O$120 -> 0.22190383 | J92: =I92-I50 -> 0.071618251 | O92: 3000 | P92: 0.35 | Q92: 0.35347222 | R92: 0.44513889
A93: A31 | B93: 45640.374 | C93: =(B93-B10)*24 -> 114 | E93: 553.557 | F93: =E93/$O$103 -> 506.94514 | G93: =F93-F51 -> 141.11678 | H93: 2.242 | I93: =H93/$O$120 -> 0.3111372 | J93: =I93-I51 -> 0.13458946 | O93: 7981 | P93: 0.35763889 | Q93: 0.36180556 | R93: 0.47638889
A94: A32 | B94: 45640.377 | C94: =(B94-B11)*24 -> 114 | E94: 901.962 | F94: =E94/$O$103 -> 826.01295 | G94: =F94-F52 -> 311.36474 | H94: 1.6015 | I94: =H94/$O$120 -> 0.22225077 | J94: =I94-I52 -> 0.037934378
A95: A33 | B95: 45640.38 | C95: =(B95-B12)*24 -> 114 | E95: 841.174 | F95: =E95/$O$103 -> 770.34356 | G95: =F95-F53 -> 241.99347 | H95: 0.947 | I95: =H95/$O$120 -> 0.13142147 | J95: =I95-I53 -> -0.0036705545
A96: A34 | B96: 45640.473 | C96: =(B96-B13)*24 -> 114.35 | E96: 681.417 | F96: =E96/$O$103 -> 624.03878 | G96: =F96-F54 -> 218.87497 | H96: 0.868 | I96: =H96/$O$120 -> 0.12045811 | J96: =I96-I54 -> 0.041671621 | N96: CO2
A97: A35 | B97: 45640.383 | C97: =(B97-B14)*24 -> 114 | E97: 167.552 | F97: =E97/$O$103 -> 153.44341 | G97: =F97-F55 -> 48.05863 | H97: 2.236 | I97: =H97/$O$120 -> 0.31030454 | J97: =I97-I55 -> 0.10941961 | N97: Standards [ppm CO2] | O97: Area Mittel | P97: Area1 | Q97: Area2 | R97: Area3 | S97: Area4 | T97: Area5
A98: A36 | B98: 45640.397 | C98: =(B98-B15)*24 -> 114.25 | E98: 293.124 | F98: =E98/$O$103 -> 268.44171 | G98: =F98-F56 -> 92.949583 | H98: 1.02 | I98: =H98/$O$120 -> 0.14155216 | J98: =I98-I56 -> 0.041315943 | N98: 0 | O98: 0
A99: A37 | B99: 45640.4 | C99: =(B99-B16)*24 -> 114.25 | E99: 445.1115 | F99: =E99/$O$103 -> 407.63121 | G99: =F99-F57 -> 139.11948 | H99: 0.5725 | I99: =H99/$O$120 -> 0.079449619 | J99: =I99-I57 -> -0.012261707 | N99: 895 | O99: =AVERAGE(P99:Q99) -> 867.78375 | P99: 872.1605 | Q99: 863.407 | R99: 806.639
A100: A38 | B100: 45640.403 | C100: =(B100-B17)*24 -> 114.25 | E100: 1678.424 | F100: =E100/$O$103 -> 1537.0935 | G100: =F100-F58 -> 615.13252 | H100: 2.001 | I100: =H100/$O$120 -> 0.27769203 | J100: =I100-I58 -> 0.038445094 | N100: 3000 | O100: =AVERAGE(P100:R100) -> 3231.2345 | P100: 3229.0515 | Q100: 3315.025 | R100: 3149.627
A101: A39 | B101: 45640.41 | C101: =(B101-B18)*24 -> 114.26667 | E101: 425.746 | F101: =E101/$O$103 -> 389.89637 | G101: =F101-F59 -> 133.97767 | H101: 0 | I101: =H101/$O$120 -> 0 | J101: =I101-I59 -> -0.10064871 | N101: 7981 | O101: =AVERAGE(P101:R101) -> 8743.8727 | P101: 8845.56 | Q101: 8732.756 | R101: 8653.302
A102: A40 | B102: 45640.412 | C102: =(B102-B19)*24 -> 114.26667 | E102: 968.836 | F102: =E102/$O$103 -> 887.25588 | G102: =F102-F60 -> 213.91076 | H102: 1.545 | I102: =H102/$O$120 -> 0.21440989 | J102: =I102-I60 -> 0.090523975
A103: A41 | B103: 45640.416 | C103: =(B103-B20)*24 -> 114.23333 | E103: 470.5225 | F103: =E103/$O$103 -> 430.9025 | G103: =F103-F61 -> 156.2002 | H103: 1.3635 | I103: =H103/$O$120 -> 0.18922193 | J103: =I103-I61 -> 0.086923241 | N103: Faktor_Area_CO2 | O103: {=LINEST(O98:O101,N98:N101,FALSE,FALSE)} -> 1.0919466 | P103: 0
A104: A42 | B104: 45640.419 | C104: =(B104-B21)*24 -> 114.21667 | E104: 562.3385 | F104: =E104/$O$103 -> 514.9872 | G104: =F104-F62 -> 179.24569 | H104: 0 | I104: =H104/$O$120 -> 0 | J104: =I104-I62 -> 0
A105: A43 | B105: 45640.422 | C105: =(B105-B22)*24 -> 114.21667 | E105: 670.681 | F105: =E105/$O$103 -> 614.2068 | G105: =F105-F63 -> 232.19956 | H105: 0.7615 | I105: =H105/$O$120 -> 0.1056784 | J105: =I105-I63 -> 0.0095671321
A106: A44 | B106: 45640.425 | C106: =(B106-B23)*24 -> 114.21667 | E106: 730.869 | F106: =E106/$O$103 -> 669.32671 | G106: =F106-F64 -> 269.91032 | H106: 1.422 | I106: =H106/$O$120 -> 0.19734036 | J106: =I106-I64 -> 0.098204133
A107: A45 | B107: 45640.433 | C107: =(B107-B24)*24 -> 114.33333 | E107: 418.77 | F107: =E107/$O$103 -> 383.50778 | G107: =F107-F65 -> 151.66388 | H107: 0.5325 | I107: =H107/$O$120 -> 0.073898554 | J107: =I107-I65 -> 0.073898554 | O107: Standards [ppm CH4] | P107: time
A108: A46 | B108: 45640.435 | C108: =(B108-B25)*24 -> 114.33333 | E108: 811.513 | F108: =E108/$O$103 -> 743.18014 | G108: =F108-F66 -> 281.44686 | H108: 2.227 | I108: =H108/$O$120 -> 0.30905555 | J108: =I108-I66 -> 0.12728288 | O108: 2 | P108: 0.34166667 | Q108: 0.34652778 | R108: 0.40625
A109: A47 | B109: 45640.439 | C109: =(B109-B26)*24 -> 114.35 | E109: 516.366 | F109: =E109/$O$103 -> 472.88578 | G109: =F109-F67 -> 176.14494 | H109: 0 | I109: =H109/$O$120 -> 0 | J109: =I109-I67 -> 0 | O109: 30 | P109: 0.35 | Q109: 0.35347222 | R109: 0.44513889
A110: A48 | B110: 45640.442 | C110: =(B110-B27)*24 -> 114.33333 | E110: 501.818 | F110: =E110/$O$103 -> 459.56278 | G110: =F110-F68 -> 170.85672 | H110: 0.527 | I110: =H110/$O$120 -> 0.073135282 | J110: =I110-I68 -> 0.073135282 | O110: 1000 | P110: 0.35763889 | Q110: 0.36180556 | R110: 0.47638889
A111: A49 | B111: 45640.449 | C111: =(B111-B28)*24 -> 114.33333 | E111: 452.438 | F111: =E111/$O$103 -> 414.34079 | G111: =F111-F69 -> 146.87791 | H111: 0.7855 | I111: =H111/$O$120 -> 0.10900904 | J111: =I111-I69 -> 0.10900904
A112: A50 | B112: 45640.451 | C112: =(B112-B29)*24 -> 114.31667 | E112: 547.473 | F112: =E112/$O$103 -> 501.37344 | G112: =F112-F70 -> 176.95405 | H112: 0.8165 | I112: =H112/$O$120 -> 0.11331112 | J112: =I112-I70 -> -0.0416494
A113: A51 | B113: 45640.455 | C113: =(B113-B30)*24 -> 114.33333 | E113: 359.175 | F113: =E113/$O$103 -> 328.93093 | G113: =F113-F71 -> 120.00558 | H113: 0.557 | I113: =H113/$O$120 -> 0.077298581 | J113: =I113-I71 -> -0.03503748 | N113: CH4
A114: A52 | B114: 45640.458 | C114: =(B114-B31)*24 -> 114.33333 | E114: 325.6115 | F114: =E114/$O$103 -> 298.19362 | G114: =F114-F72 -> 103.30106 | H114: 0 | I114: =H114/$O$120 -> 0 | J114: =I114-I72 -> 0 | N114: Standards [ppm CH4] | O114: Area Mittel | P114: Area1 | Q114: Area2 | R114: Area3 | S114: Area4 | T114: Area5
A115: A53 | B115: 45640.461 | C115: =(B115-B32)*24 -> 114.35 | E115: 225.987 | F115: =E115/$O$103 -> 206.95793 | G115: =F115-F73 -> 72.557411 | H115: 0 | I115: =H115/$O$120 -> 0 | J115: =I115-I73 -> 0 | N115: 0 | O115: 0 | P115: 0 | Q115: 0
A116: A54 | B116: 45640.464 | C116: =(B116-B33)*24 -> 114.35 | E116: 372.0315 | F116: =E116/$O$103 -> 340.70486 | G116: =F116-F74 -> 130.77613 | H116: 0 | I116: =H116/$O$120 -> 0 | J116: =I116-I74 -> 0 | N116: 2 | O116: =AVERAGE(P116:T116) -> 14.391667 | P116: 14.112 | Q116: 14.4205 | R116: 14.6425
A117: A55 | B117: 45640.467 | C117: =(B117-B34)*24 -> 114.33333 | E117: 271.747 | F117: =E117/$O$103 -> 248.86474 | G117: =F117-F75 -> 83.053724 | H117: 1.269 | I117: =H117/$O$120 -> 0.17610754 | J117: =I117-I75 -> 0.10612094 | N117: 30 | O117: =AVERAGE(P117:T117) -> 214.35467 | P117: 210.9175 | Q117: 218.13 | R117: 214.0165
A118: A56 | B118: 45640.47 | C118: =(B118-B35)*24 -> 114.35 | E118: 222.031 | F118: =E118/$O$103 -> 203.33504 | G118: =F118-F76 -> 72.119791 | H118: 0.788 | I118: =H118/$O$120 -> 0.10935598 | J118: =I118-I76 -> 0.10935598 | N118: 1000 | O118: =AVERAGE(P118:Q118) -> 7205.879 | P118: 7205.779 | Q118: 7205.979 | R118: 7267.8015
...

Sheet 8_Respiration
A1: Respiration
I4: Flask volume [ml] | J4: 131.216
I5: Gas constant R [J/K/mol] | J5: 8.314
I6: Incubation temperature [K] | J6: =273.15+15 -> 288.15
A9: Sample ID | B9: Working ID | C9: Incubation ID | D9: O2 conditions | E9: Weight glas (without lid, septum) [g] | F9: Weight sample [g] | G9: Water content [g/g] | H9: Dry weight [g] | I9: Headspace volume [m-3] | J9: Incubation time [h] | K9: CO2 slope [ppm/h] | L9: R2 slope | M9: CO2 produced [ppm] | N9: VCO2 [m-3] | O9: Overpressure [hPa] | P9: Total pressure [Pa] | Q9: Δ Ngas [mol] | R9: Δ CO2-C [µg] | S9: Respiration [µg CO2-C/h/g]
A10: AP1_0-20 | B10: P1 | C10: A1 | D10: aerobic | E10: 145.344 | F10: 14.716 | G10: ='3_Pre-incubation'!K12 -> 1.5179259 | H10: =F10/(1+G10) -> 5.8444929 | I10: =($J$4-F10)*10^(-6) -> 0.0001165 | J10: ='6_GC measurements aerobic'!C120 -> 46.433333 | K10: 75.677 | L10: 0.9932 | M10: =J10*K10 -> 3513.9354 | N10: =M10*10^(-6)*I10 -> 4.0937347e-07 | O10: ='6_GC measurements aerobic'!D8 -> 798 | P10: =('6_GC measurements aerobic'!$L$26*100)+('8_Respiration'!O10*100) -> 177960 | Q10: =N10*P10/($J$5*$J$6) -> 3.0409792e-05 | R10: =Q10*12*10^6 -> 364.9175 | S10: =R10/J10/H10 -> 1.3446771
A11: AP1_20-40 | B11: P2 | C11: A2 | D11: aerobic | E11: 148.485 | F11: 12.209 | G11: ='3_Pre-incubation'!K13 -> 1.5089582 | H11: =F11/(1+G11) -> 4.8661632 | I11: =($J$4-F11)*10^(-6) -> 0.000119007 | J11: ='6_GC measurements aerobic'!C121 -> 46.533333 | K11: 41.413 | L11: 0.9934 | M11: =J11*K11 -> 1927.0849 | N11: =M11*10^(-6)*I11 -> 2.293366e-07 | O11: ='6_GC measurements aerobic'!D9 -> 715 | P11: =('6_GC measurements aerobic'!$L$26*100)+('8_Respiration'!O11*100) -> 169660 | Q11: =N11*P11/($J$5*$J$6) -> 1.6241427e-05 | R11: =Q11*12*10^6 -> 194.89712 | S11: =R11/J11/H11 -> 0.86070552
A12: AP1_50-69 | B12: P3 | C12: A3 | D12: aerobic | E12: 146.568 | F12: 16.042 | G12: ='3_Pre-incubation'!K14 -> 1.5298493 | H12: =F12/(1+G12) -> 6.3410891 | I12: =($J$4-F12)*10^(-6) -> 0.000115174 | J12: ='6_GC measurements aerobic'!C122 -> 46.416667 | K12: 100.58 | L12: 0.9986 | M12: =J12*K12 -> 4668.5883 | N12: =M12*10^(-6)*I12 -> 5.3769999e-07 | O12: ='6_GC measurements aerobic'!D10 -> 697 | P12: =('6_GC measurements aerobic'!$L$26*100)+('8_Respiration'!O12*100) -> 167860 | Q12: =N12*P12/($J$5*$J$6) -> 3.7675464e-05 | R12: =Q12*12*10^6 -> 452.10556 | S12: =R12/J12/H12 -> 1.5360383
A13: AP1_80-100 | B13: P4 | C13: A4 | D13: aerobic | E13: 145.041 | F13: 15.372 | G13: ='3_Pre-incubation'!K15 -> 1.5656928 | H13: =F13/(1+G13) -> 5.9913641 | I13: =($J$4-F13)*10^(-6) -> 0.000115844 | J13: ='6_GC measurements aerobic'!C123 -> 46.45 | K13: 314.19 | L13: 0.9992 | M13: =J13*K13 -> 14594.126 | N13: =M13*10^(-6)*I13 -> 1.6906419e-06 | O13: ='6_GC measurements aerobic'!D11 -> 814 | P13: =('6_GC measurements aerobic'!$L$26*100)+('8_Respiration'!O13*100) -> 179560 | Q13: =N13*P13/($J$5*$J$6) -> 0.00012671633 | R13: =Q13*12*10^6 -> 1520.5959 | S13: =R13/J13/H13 -> 5.4638956
A14: AP1_100-120 | B14: P5 | C14: A5 | D14: aerobic | E14: 146.021 | F14: 15.25 | G14: ='3_Pre-incubation'!K16 -> 1.5108375 | H14: =F14/(1+G14) -> 6.0736706 | I14: =($J$4-F14)*10^(-6) -> 0.000115966 | J14: ='6_GC measurements aerobic'!C124 -> 46.65 | K14: 484.46 | L14: 0.9987 | M14: =J14*K14 -> 22600.059 | N14: =M14*10^(-6)*I14 -> 2.6208384e-06 | O14: ='6_GC measurements aerobic'!D12 -> 818 | P14: =('6_GC measurements aerobic'!$L$26*100)+('8_Respiration'!O14*100) -> 179960 | Q14: =N14*P14/($J$5*$J$6) -> 0.00019687365 | R14: =Q14*12*10^6 -> 2362.4838 | S14: =R14/J14/H14 -> 8.338078
A15: AP2_0-20 | B15: P16 | C15: A6 | D15: aerobic | E15: 144.807 | F15: 15.063 | G15: ='3_Pre-incubation'!K17 -> 1.5079124 | H15: =F15/(1+G15) -> 6.0061907 | I15: =($J$4-F15)*10^(-6) -> 0.000116153 | J15: ='6_GC measurements aerobic'!C125 -> 46.516667 | K15: 80.842 | L15: 0.9985 | M15: =J15*K15 -> 3760.5004 | N15: =M15*10^(-6)*I15 -> 4.367934e-07 | O15: ='6_GC measurements aerobic'!D13 -> 823 | P15: =('6_GC measurements aerobic'!$L$26*100)+('8_Respiration'!O15*100) -> 180460 | Q15: =N15*P15/($J$5*$J$6) -> 3.290246e-05 | R15: =Q15*12*10^6 -> 394.82953 | S15: =R15/J15/H15 -> 1.4131944
A16: AP2_20-40 | B16: P7 | C16: A7 | D16: aerobic | E16: 144.735 | F16: 15.548 | G16: ='3_Pre-incubation'!K18 -> 1.4988381 | H16: =F16/(1+G16) -> 6.2220918 | I16: =($J$4-F16)*10^(-6) -> 0.000115668 | J16: ='6_GC measurements aerobic'!C126 -> 46.566667 | K16: 28.504 | L16: 0.9797 | M16: =J16*K16 -> 1327.3363 | N16: =M16*10^(-6)*I16 -> 1.5353033e-07 | O16: ='6_GC measurements aerobic'!D14 -> 807 | P16: =('6_GC measurements aerobic'!$L$26*100)+('8_Respiration'!O16*100) -> 178860 | Q16: =N16*P16/($J$5*$J$6) -> 1.1462485e-05 | R16: =Q16*12*10^6 -> 137.54982 | S16: =R16/J16/H16 -> 0.47473194
A17: AP2_50-69 | B17: P8 | C17: A8 | D17: aerobic | E17: 144.674 | F17: 15.054 | G17: ='3_Pre-incubation'!K19 -> 1.5682765 | H17: =F17/(1+G17) -> 5.8615185 | I17: =($J$4-F17)*10^(-6) -> 0.000116162 | J17: ='6_GC measurements aerobic'!C127 -> 46.566667 | K17: 58.505 | L17: 0.9923 | M17: =J17*K17 -> 2724.3828 | N17: =M17*10^(-6)*I17 -> 3.1646976e-07 | O17: ='6_GC measurements aerobic'!D15 -> 810 | P17: =('6_GC measurements aerobic'!$L$26*100)+('8_Respiration'!O17*100) -> 179160 | Q17: =N17*P17/($J$5*$J$6) -> 2.3667077e-05 | R17: =Q17*12*10^6 -> 284.00493 | S17: =R17/J17/H17 -> 1.0404964
A18: AP2_80-100 | B18: P9 | C18: A9 | D18: aerobic | E18: 147.588 | F18: 14.821 | G18: ='3_Pre-incubation'!K20 -> 1.5300947 | H18: =F18/(1+G18) -> 5.8578836 | I18: =($J$4-F18)*10^(-6) -> 0.000116395 | J18: ='6_GC measurements aerobic'!C128 -> 46.716667 | K18: 97.921 | L18: 0.9933 | M18: =J18*K18 -> 4574.5427 | N18: =M18*10^(-6)*I18 -> 5.324539e-07 | O18: ='6_GC measurements aerobic'!D16 -> 821 | P18: =('6_GC measurements aerobic'!$L$26*100)+('8_Respiration'!O18*100) -> 180260 | Q18: =N18*P18/($J$5*$J$6) -> 4.0063855e-05 | R18: =Q18*12*10^6 -> 480.76626 | S18: =R18/J18/H18 -> 1.7567963
A19: AP2_100-120 | B19: P10 | C19: A10 | D19: aerobic | E19: 144.79 | F19: 14.621 | G19: ='3_Pre-incubation'!K21 -> 1.4972165 | H19: =F19/(1+G19) -> 5.8549189 | I19: =($J$4-F19)*10^(-6) -> 0.000116595 | J19: ='6_GC measurements aerobic'!C129 -> 46.95 | K19: 78.045 | L19: 0.9963 | M19: =J19*K19 -> 3664.2128 | N19: =M19*10^(-6)*I19 -> 4.2722889e-07 | O19: ='6_GC measurements aerobic'!D17 -> 815 | P19: =('6_GC measurements aerobic'!$L$26*100)+('8_Respiration'!O19*100) -> 179660 | Q19: =N19*P19/($J$5*$J$6) -> 3.2039325e-05 | R19: =Q19*12*10^6 -> 384.4719 | S19: =R19/J19/H19 -> 1.398647
A20: AP3_0-20 | B20: P11 | C20: A11 | D20: aerobic | E20: 145.984 | F20: 12.425 | G20: ='3_Pre-incubation'!K22 -> 1.5136847 | H20: =F20/(1+G20) -> 4.9429429 | I20: =($J$4-F20)*10^(-6) -> 0.000118791 | J20: ='6_GC measurements aerobic'!C130 -> 46.916667 | K20: 109.66 | L20: 0.9958 | M20: =J20*K20 -> 5144.8817 | N20: =M20*10^(-6)*I20 -> 6.1116564e-07 | O20: ='6_GC measurements aerobic'!D18 -> 715 | P20: =('6_GC measurements aerobic'!$L$26*100)+('8_Respiration'!O20*100) -> 169660 | Q20: =N20*P20/($J$5*$J$6) -> 4.3282242e-05 | R20: =Q20*12*10^6 -> 519.3869 | S20: =R20/J20/H20 -> 2.2396402
A21: AP3_20-40 | B21: P12 | C21: A12 | D21: aerobic | E21: 145.203 | F21: 12.89 | G21: ='3_Pre-incubation'!K23 -> 1.5060919 | H21: =F21/(1+G21) -> 5.1434666 | I21: =($J$4-F21)*10^(-6) -> 0.000118326 | J21: ='6_GC measurements aerobic'!C131 -> 46.95 | K21: 34.752 | L21: 0.9959 | M21: =J21*K21 -> 1631.6064 | N21: =M21*10^(-6)*I21 -> 1.9306146e-07 | O21: ='6_GC measurements aerobic'!D19 -> 845 | P21: =('6_GC measurements aerobic'!$L$26*100)+('8_Respiration'!O21*100) -> 182660 | Q21: =N21*P21/($J$5*$J$6) -> 1.4720088e-05 | R21: =Q21*12*10^6 -> 176.64105 | S21: =R21/J21/H21 -> 0.73147606
... A37: AT5_150-170 | B37: P40 | C37: A28 | D37: aerobic | E37: 146.143 | F37: 10.815 | G37: ='3_Pre-incubation'!K39 -> 1.5189745 | H37: =F37/(1+G37) -> 4.2934139 | I37: =($J$4-F37)*10^(-6) -> 0.000120401 | J37: ='6_GC measurements aerobic'!C147 -> 47.3 | K37: 49.762 | L37: 0.9954 | M37: =J37*K37 -> 2353.7426 | N37: =M37*10^(-6)*I37 -> 2.8339296e-07 | O37: ='6_GC measurements aerobic'!D35 -> 792 | P37: =('6_GC measurements aerobic'!$L$26*100)+('8_Respiration'!O37*100) -> 177360 | Q37: =N37*P37/($J$5*$J$6) -> 2.0980513e-05 | R37: =Q37*12*10^6 -> 251.76615 | S37: =R37/J37/H37 -> 1.2397481
A38: AT1_0-40 | B38: P21 | C38: A29 | D38: anaerobic | E38: 146.203 | F38: 11.106 | G38: 2.5392545 | H38: =F38/(1+G38) -> 3.1379489 | I38: =($J$4-F38)*10^(-6) -> 0.00012011 | J38: ='7_GC measurements anaerobic'!C133 -> 160.91667 | K38: 5.7735 | L38: 0.999 | M38: =J38*K38 -> 929.05237 | N38: =M38*10^(-6)*I38 -> 1.1158848e-07 | O38: ='7_GC measurements anaerobic'!D8 -> 771 | P38: =('7_GC measurements anaerobic'!$O$40*100)+('8_Respiration'!O38*100) -> 174900 | Q38: =N38*P38/($J$5*$J$6) -> 8.1466776e-06 | R38: =Q38*12*10^6 -> 97.760131 | S38: =R38/J38/H38 -> 0.19360425
A39: AT1_63-83 | B39: P22 | C39: A30 | D39: anaerobic | E39: 145.339 | F39: 14.369 | G39: 1.5003687 | H39: =F39/(1+G39) -> 5.7467525 | I39: =($J$4-F39)*10^(-6) -> 0.000116847 | J39: ='7_GC measurements anaerobic'!C134 -> 160.91667 | K39: 3.8129 | L39: 0.9999 | M39: =J39*K39 -> 613.55916 | N39: =M39*10^(-6)*I39 -> 7.1692547e-08 | O39: ='7_GC measurements anaerobic'!D9 -> 795 | P39: =('7_GC measurements anaerobic'!$O$40*100)+('8_Respiration'!O39*100) -> 177300 | Q39: =N39*P39/($J$5*$J$6) -> 5.3058394e-06 | R39: =Q39*12*10^6 -> 63.670073 | S39: =R39/J39/H39 -> 0.06885125
A40: AT1_83-103 | B40: P23 | C40: A31 | D40: anaerobic | E40: 144.727 | F40: 13.231 | G40: 1.5225886 | H40: =F40/(1+G40) -> 5.2450091 | I40: =($J$4-F40)*10^(-6) -> 0.000117985 | J40: ='7_GC measurements anaerobic'!C135 -> 160.9 | K40: 4.1892 | L40: 0.9952 | M40: =J40*K40 -> 674.04228 | N40: =M40*10^(-6)*I40 -> 7.9526878e-08 | O40: ='7_GC measurements anaerobic'!D10 -> 788 | P40: =('7_GC measurements anaerobic'!$O$40*100)+('8_Respiration'!O40*100) -> 176600 | Q40: =N40*P40/($J$5*$J$6) -> 5.8624073e-06 | R40: =Q40*12*10^6 -> 70.348888 | S40: =R40/J40/H40 -> 0.08335947
A41: AT1_143-163 | B41: P24 | C41: A32 | D41: anaerobic | E41: 145.579 | F41: 12.504 | G41: 1.5093454 | H41: =F41/(1+G41) -> 4.9829728 | I41: =($J$4-F41)*10^(-6) -> 0.000118712 | J41: ='7_GC measurements anaerobic'!C136 -> 160.9 | K41: 7.687 | L41: 0.9989 | M41: =J41*K41 -> 1236.8383 | N41: =M41*10^(-6)*I41 -> 1.4682755e-07 | O41: ='7_GC measurements anaerobic'!D11 -> 809 | P41: =('7_GC measurements anaerobic'!$O$40*100)+('8_Respiration'!O41*100) -> 178700 | Q41: =N41*P41/($J$5*$J$6) -> 1.0952253e-05 | R41: =Q41*12*10^6 -> 131.42703 | S41: =R41/J41/H41 -> 0.16392309
A42: AT1_163-183 | B42: P25 | C42: A33 | D42: anaerobic | E42: 145.298 | F42: 12.103 | G42: 1.5172987 | H42: =F42/(1+G42) -> 4.8079316 | I42: =($J$4-F42)*10^(-6) -> 0.000119113 | J42: ='7_GC measurements anaerobic'!C137 -> 160.91667 | K42: 7.847 | L42: 0.9993 | M42: =J42*K42 -> 1262.7131 | N42: =M42*10^(-6)*I42 -> 1.5040554e-07 | O42: ='7_GC measurements anaerobic'!D12 -> 710 | P42: =('7_GC measurements anaerobic'!$O$40*100)+('8_Respiration'!O42*100) -> 168800 | Q42: =N42*P42/($J$5*$J$6) -> 1.0597603e-05 | R42: =Q42*12*10^6 -> 127.17123 | S42: =R42/J42/H42 -> 0.16437266
A43: AT2_0-40 | B43: P26 | C43: A34 | D43: anaerobic | E43: 145.633 | F43: 13.076 | G43: 2.5447385 | H43: =F43/(1+G43) -> 3.6888476 | I43: =($J$4-F43)*10^(-6) -> 0.00011814 | J43: ='7_GC measurements anaerobic'!C138 -> 160.9 | K43: 5.9417 | L43: 0.9997 | M43: =J43*K43 -> 956.01953 | N43: =M43*10^(-6)*I43 -> 1.1294415e-07 | O43: ='7_GC measurements anaerobic'!D13 -> 854 | P43: =('7_GC measurements anaerobic'!$O$40*100)+('8_Respiration'!O43*100) -> 183200 | Q43: =N43*P43/($J$5*$J$6) -> 8.636953e-06 | R43: =Q43*12*10^6 -> 103.64344 | S43: =R43/J43/H43 -> 0.17462043
A44: AT2_43-63 | B44: P27 | C44: A35 | D44: anaerobic | E44: 144.811 | F44: 13.248 | G44: 1.5465138 | H44: =F44/(1+G44) -> 5.2024066 | I44: =($J$4-F44)*10^(-6) -> 0.000117968 | J44: ='7_GC measurements anaerobic'!C139 -> 160.9 | K44: 1.4356 | L44: 0.9989 | M44: =J44*K44 -> 230.98804 | N44: =M44*10^(-6)*I44 -> 2.7249197e-08 | O44: ='7_GC measurements anaerobic'!D14 -> 762 | P44: =('7_GC measurements anaerobic'!$O$40*100)+('8_Respiration'!O44*100) -> 174000 | Q44: =N44*P44/($J$5*$J$6) -> 1.97913e-06 | R44: =Q44*12*10^6 -> 23.74956 | S44: =R44/J44/H44 -> 0.028372345
A45: AT2_63-83 | B45: P28 | C45: A36 | D45: anaerobic | E45: 145.418 | F45: 16.301 | G45: 1.5312292 | H45: =F45/(1+G45) -> 6.4399542 | I45: =($J$4-F45)*10^(-6) -> 0.000114915 | J45: ='7_GC measurements anaerobic'!C140 -> 160.91667 | K45: 2.6548 | L45: 0.9973 | M45: =J45*K45 -> 427.20157 | N45: =M45*10^(-6)*I45 -> 4.9091868e-08 | O45: ='7_GC measurements anaerobic'!D15 -> 765 | P45: =('7_GC measurements anaerobic'!$O$40*100)+('8_Respiration'!O45*100) -> 174300 | Q45: =N45*P45/($J$5*$J$6) -> 3.5717274e-06 | R45: =Q45*12*10^6 -> 42.860728 | S45: =R45/J45/H45 -> 0.041359544
A46: AT2_123-143 | B46: P29 | C46: A37 | D46: anaerobic | E46: 145.367 | F46: 12.224 | G46: 1.5484277 | H46: =F46/(1+G46) -> 4.7966831 | I46: =($J$4-F46)*10^(-6) -> 0.000118992 | J46: ='7_GC measurements anaerobic'!C141 -> 160.9 | K46: 4.0932 | L46: 0.9984 | M46: =J46*K46 -> 658.59588 | N46: =M46*10^(-6)*I46 -> 7.8367641e-08 | O46: ='7_GC measurements anaerobic'!D16 -> 766 | P46: =('7_GC measurements anaerobic'!$O$40*100)+('8_Respiration'!O46*100) -> 174400 | Q46: =N46*P46/($J$5*$J$6) -> 5.7049864e-06 | R46: =Q46*12*10^6 -> 68.459836 | S46: =R46/J46/H46 -> 0.088703097
A47: AT2_143-163 | B47: P30 | C47: A38 | D47: anaerobic | E47: 146.434 | F47: 13.057 | G47: 1.5504667 | H47: =F47/(1+G47) -> 5.1194551 | I47: =($J$4-F47)*10^(-6) -> 0.000118159 | J47: ='7_GC measurements anaerobic'!C142 -> 160.9 | K47: 15.442 | L47: 0.995 | M47: =J47*K47 -> 2484.6178 | N47: =M47*10^(-6)*I47 -> 2.9357995e-07 | O47: ='7_GC measurements anaerobic'!D17 -> 763 | P47: =('7_GC measurements anaerobic'!$O$40*100)+('8_Respiration'!O47*100) -> 174100 | Q47: =N47*P47/($J$5*$J$6) -> 2.1335191e-05 | R47: =Q47*12*10^6 -> 256.02229 | S47: =R47/J47/H47 -> 0.31081215
A48: AT3_0-40 | B48: P31 | C48: A39 | D48: anaerobic | E48: 145.932 | F48: 14.307 | G48: 2.519805 | H48: =F48/(1+G48) -> 4.0647138 | I48: =($J$4-F48)*10^(-6) -> 0.000116909 | J48: ='7_GC measurements anaerobic'!C143 -> 160.91667 | K48: 3.5237 | L48: 1 | M48: =J48*K48 -> 567.02206 | N48: =M48*10^(-6)*I48 -> 6.6289982e-08 | O48: ='7_GC measurements anaerobic'!D18 -> 806 | P48: =('7_GC measurements anaerobic'!$O$40*100)+('8_Respiration'!O48*100) -> 178400 | Q48: =N48*P48/($J$5*$J$6) -> 4.9364428e-06 | R48: =Q48*12*10^6 -> 59.237313 | S48: =R48/J48/H48 -> 0.090565826
A49: AT3_60-80 | B49: P32 | C49: A40 | D49: anaerobic | E49: 144.817 | F49: 16.312 | G49: 1.5365613 | H49: =F49/(1+G49) -> 6.4307532 | I49: =($J$4-F49)*10^(-6) -> 0.000114904 | J49: ='7_GC measurements anaerobic'!C144 -> 160.91667 | K49: 8.6118 | L49: 0.9966 | M49: =J49*K49 -> 1385.7821 | N49: =M49*10^(-6)*I49 -> 1.5923191e-07 | O49: ='7_GC measurements anaerobic'!D19 -> 813 | P49: =('7_GC measurements anaerobic'!$O$40*100)+('8_Respiration'!O49*100) -> 179100 | Q49: =N49*P49/($J$5*$J$6) -> 1.1904113e-05 | R49: =Q49*12*10^6 -> 142.84936 | S49: =R49/J49/H49 -> 0.13804333
... A65: AP4_99-120 | B65: P20 | C65: A56 | D65: anaerobic | E65: 145.817 | F65: 9.592 | G65: 1.56586 | H65: =F65/(1+G65) -> 3.7383178 | I65: =($J$4-F65)*10^(-6) -> 0.000121624 | J65: ='7_GC measurements anaerobic'!C160 -> 160.9 | K65: 1.9048 | L65: 0.9981 | M65: =J65*K65 -> 306.48232 | N65: =M65*10^(-6)*I65 -> 3.7275606e-08 | O65: ='7_GC measurements anaerobic'!D35 -> 790 | P65: =('7_GC measurements anaerobic'!$O$40*100)+('8_Respiration'!O65*100) -> 176800 | Q65: =N65*P65/($J$5*$J$6) -> 2.7509223e-06 | R65: =Q65*12*10^6 -> 33.011068 | S65: =R65/J65/H65 -> 0.054881669

Sheet 9_Long-term incubation
A1: CH4 measurements 2nd incubation
A2: 45325
A3: Time flushing | B3: 45645.457
A6: t0
A7: Sample | B7: Time | C7: t0 | D7: Overpressure [hPa] | E7: Area CH4 | F7: CH4 [ppm] | G7: Area CH4 | H7: CH4 [ppm]
A8: A29 | B8: 45691.494 | C8: =(B8-$B$3)*24 -> 1104.8833 | D8: 239 | E8: 3.487 | F8: =E8/$O$34 -> 0.47700616 | H8: =G8/$O$34 -> 0
A9: A30 | B9: 45691.452 | C9: =(B9-$B$3)*24 -> 1103.8833 | D9: 154 | E9: 9.92 | F9: =E9/$O$34 -> 1.3570121 | H9: =G9/$O$34 -> 0
A10: A31 | B10: 45691.475 | C10: =(B10-$B$3)*24 -> 1104.4333 | D10: 351 | E10: 177.59 | F10: =E10/$O$34 -> 24.293526 | H10: =G10/$O$34 -> 0
A11: A32 | B11: 45691.452 | C11: =(B11-$B$3)*24 -> 1103.8833 | F11: =E11/$O$34 -> 0 | H11: =G11/$O$34 -> 0
A12: A33 | B12: 45691.497 | C12: =(B12-$B$3)*24 -> 1104.9667 | D12: 254 | E12: 1.095 | F12: =E12/$O$34 -> 0.14979115 | H12: =G12/$O$34 -> 0
A13: A34 | B13: 45691.488 | C13: =(B13-$B$3)*24 -> 1104.7333 | D13: 190 | E13: 3.308 | F13: =E13/$O$34 -> 0.45251975 | H13: =G13/$O$34 -> 0
A14: A35 | B14: 45691.452 | C14: =(B14-$B$3)*24 -> 1103.8833 | F14: =E14/$O$34 -> 0 | H14: =G14/$O$34 -> 0
A15: A36 | B15: 45691.452 | C15: =(B15-$B$3)*24 -> 1103.8833 | F15: =E15/$O$34 -> 0 | H15: =G15/$O$34 -> 0
A16: A37 | B16: 45691.452 | C16: =(B16-$B$3)*24 -> 1103.8833 | F16: =E16/$O$34 -> 0 | H16: =G16/$O$34 -> 0
A17: A38 | B17: 45691.478 | C17: =(B17-$B$3)*24 -> 1104.5167 | D17: 254 | E17: 15.553 | F17: =E17/$O$34 -> 2.1275815 | H17: =G17/$O$34 -> 0
A18: A39 | B18: 45691.452 | C18: =(B18-$B$3)*24 -> 1103.8833 | F18: =E18/$O$34 -> 0 | H18: =G18/$O$34 -> 0
A19: A40 | B19: 45691.503 | C19: =(B19-$B$3)*24 -> 1105.1167 | D19: 189 | E19: 13.343 | F19: =E19/$O$34 -> 1.8252633 | H19: =G19/$O$34 -> 0
A20: A41 | B20: 45691.5 | C20: =(B20-$B$3)*24 -> 1105.0333 | D20: 81 | E20: 6.46 | F20: =E20/$O$34 -> 0.88369939 | H20: =G20/$O$34 -> 0
A21: A42 | B21: 45691.452 | C21: =(B21-$B$3)*24 -> 1103.8833 | F21: =E21/$O$34 -> 0 | H21: =G21/$O$34 -> 0 | O21: Standards [ppm CH4] | P21: time
A22: A43 | B22: 45691.452 | C22: =(B22-$B$3)*24 -> 1103.8833 | F22: =E22/$O$34 -> 0 | H22: =G22/$O$34 -> 0 | O22: 2 | P22: 0.44375 | Q22: 0.44861111 | R22: 0.45625 | S22: 0.50625
A23: A44 | B23: 45691.452 | C23: =(B23-$B$3)*24 -> 1103.8833 | F23: =E23/$O$34 -> 0 | H23: =G23/$O$34 -> 0 | O23: 30 | P23: 0.45972222 | Q23: 0.46388889 | R23: 0.50972222
A24: A45 | B24: 45691.452 | C24: =(B24-$B$3)*24 -> 1103.8833 | F24: =E24/$O$34 -> 0 | H24: =G24/$O$34 -> 0 | O24: 1000 | P24: 0.46666667 | Q24: 0.47083333 | R24: 0.5125
A25: A46 | B25: 45691.485 | C25: =(B25-$B$3)*24 -> 1104.6667 | D25: 197 | E25: 12.795 | F25: =E25/$O$34 -> 1.7502993 | H25: =G25/$O$34 -> 0
A26: A47 | B26: 45691.481 | C26: =(B26-$B$3)*24 -> 1104.5833 | D26: 49 | E26: 7.2365 | F26: =E26/$O$34 -> 0.98992115 | H26: =G26/$O$34 -> 0
A27: A48 | B27: 45691.452 | C27: =(B27-$B$3)*24 -> 1103.8833 | F27: =E27/$O$34 -> 0 | H27: =G27/$O$34 -> 0 | N27: CH4
A28: A49 | B28: 45691.452 | C28: =(B28-$B$3)*24 -> 1103.8833 | F28: =E28/$O$34 -> 0 | H28: =G28/$O$34 -> 0 | N28: Standards [ppm CH4] | O28: Area Mittel | P28: Area1 | Q28: Area2 | R28: Area3 | S28: Area4 | T28: Area5
A29: A50 | B29: 45691.452 | C29: =(B29-$B$3)*24 -> 1103.8833 | F29: =E29/$O$34 -> 0 | H29: =G29/$O$34 -> 0 | N29: 0 | O29: 0
A30: A51 | B30: 45691.452 | C30: =(B30-$B$3)*24 -> 1103.8833 | F30: =E30/$O$34 -> 0 | H30: =G30/$O$34 -> 0 | N30: 2 | O30: =AVERAGE(P30:T30) -> 15.798875 | P30: 15.006 | Q30: 16.6715 | R30: 15.422 | S30: 16.096
A31: A52 | B31: 45691.452 | C31: =(B31-$B$3)*24 -> 1103.8833 | F31: =E31/$O$34 -> 0 | H31: =G31/$O$34 -> 0 | N31: 30 | O31: =AVERAGE(P31:T31) -> 214.28817 | P31: 215.6675 | Q31: 213.599 | R31: 213.598
A32: A53 | B32: 45691.452 | C32: =(B32-$B$3)*24 -> 1103.8833 | F32: =E32/$O$34 -> 0 | H32: =G32/$O$34 -> 0 | N32: 1000 | O32: =AVERAGE(P32:T32) -> 7310.3263 | P32: 7313.498 | Q32: 7298.534 | R32: 7318.947
A33: A54 | B33: 45691.452 | C33: =(B33-$B$3)*24 -> 1103.8833 | F33: =E33/$O$34 -> 0 | H33: =G33/$O$34 -> 0
A34: A55 | B34: 45691.452 | C34: =(B34-$B$3)*24 -> 1103.8833 | F34: =E34/$O$34 -> 0 | H34: =G34/$O$34 -> 0 | N34: Faktor_Area_CH4 | O34: {=LINEST(O29:O32,N29:N32,FALSE,FALSE)} -> 7.3101782 | P34: 0
A35: A56 | B35: 45691.452 | C35: =(B35-$B$3)*24 -> 1103.8833 | F35: =E35/$O$34 -> 0 | H35: =G35/$O$34 -> 0
N39: T_raum [°C] | O39: 21.7
N40: P_raum [hPa] | O40: 986
N41: rel_Hum [%] | O41: 44.1
A47: t1
A48: Sample | B48: Time | C48: t1 | D48: Overpressure [hPa] | E48: Area CH4 | F48: CH4 [ppm] | G48: Differenz vorherige Messung
A49: A29 | B49: 45736.401 | C49: =(B49-$B$3)*24 -> 2182.65 | D49: 203 | E49: 7.164 | F49: =E49/$O$78 -> 0.99157294 | G49: =E49-E8 -> 3.677
A50: A30 | B50: 45736.403 | C50: =(B50-$B$3)*24 -> 2182.7167 | D50: 163 | E50: 294.578 | F50: =E50/$O$78 -> 40.772693 | G50: =E50-E9 -> 284.658
A51: A31 | B51: 45736.406 | C51: =(B51-$B$3)*24 -> 2182.7833 | D51: 333 | E51: 558.8705 | F51: =E51/$O$78 -> 77.353554 | G51: =E51-E10 -> 381.2805
A52: A32 | B52: 45736.401 | C52: =(B52-$B$3)*24 -> 2182.65 | F52: =E52/$O$78 -> 0 | G52: =E52-E11 -> 0
A53: A33 | B53: 45736.409 | C53: =(B53-$B$3)*24 -> 2182.85 | D53: 244 | E53: 17.3815 | F53: =E53/$O$78 -> 2.4057824 | G53: =E53-E12 -> 16.2865
A54: A34 | B54: 45736.412 | C54: =(B54-$B$3)*24 -> 2182.9167 | D54: 185 | E54: 3.886 | F54: =E54/$O$78 -> 0.53786327 | G54: =E54-E13 -> 0.578
A55: A35 | B55: 45736.401 | C55: =(B55-$B$3)*24 -> 2182.65 | F55: =E55/$O$78 -> 0 | G55: =E55-E14 -> 0
A56: A36 | B56: 45736.401 | C56: =(B56-$B$3)*24 -> 2182.65 | F56: =E56/$O$78 -> 0 | G56: =E56-E15 -> 0
A57: A37 | B57: 45736.401 | C57: =(B57-$B$3)*24 -> 2182.65 | F57: =E57/$O$78 -> 0 | G57: =E57-E16 -> 0
A58: A38 | B58: 45736.415 | C58: =(B58-$B$3)*24 -> 2182.9833 | D58: 261 | E58: 3.137 | F58: =E58/$O$78 -> 0.43419379 | G58: =E58-E17 -> -12.416
A59: A39 | B59: 45736.401 | C59: =(B59-$B$3)*24 -> 2182.65 | F59: =E59/$O$78 -> 0 | G59: =E59-E18 -> 0
A60: A40 | B60: 45736.417 | C60: =(B60-$B$3)*24 -> 2183.05 | D60: 171 | E60: 341.8255 | F60: =E60/$O$78 -> 47.312244 | G60: =E60-E19 -> 328.4825
A61: A41 | B61: 45736.42 | C61: =(B61-$B$3)*24 -> 2183.1167 | D61: 67 | E61: 19.1175 | F61: =E61/$O$78 -> 2.646063 | G61: =E61-E20 -> 12.6575
A62: A42 | B62: 45736.401 | C62: =(B62-$B$3)*24 -> 2182.65 | F62: =E62/$O$78 -> 0 | G62: =E62-E21 -> 0
A63: A43 | B63: 45736.401 | C63: =(B63-$B$3)*24 -> 2182.65 | F63: =E63/$O$78 -> 0 | G63: =E63-E22 -> 0
A64: A44 | B64: 45736.401 | C64: =(B64-$B$3)*24 -> 2182.65 | F64: =E64/$O$78 -> 0 | G64: =E64-E23 -> 0
A65: A45 | B65: 45736.401 | C65: =(B65-$B$3)*24 -> 2182.65 | F65: =E65/$O$78 -> 0 | G65: =E65-E24 -> 0 | O65: Standards [ppm CH4] | P65: time
A66: A46 | B66: 45736.423 | C66: =(B66-$B$3)*24 -> 2183.1833 | D66: 191 | E66: 19.768 | F66: =E66/$O$78 -> 2.7360991 | G66: =E66-E25 -> 6.973 | O66: 2 | P66: 0.39583333 | Q66: 0.39791667 | R66: 0.42847222
A67: A47 | B67: 45736.426 | C67: =(B67-$B$3)*24 -> 2183.25 | D67: 43 | E67: 4.701 | F67: =E67/$O$78 -> 0.65066784 | G67: =E67-E26 -> -2.5355 | O67: 30 | P67: 0.38333333 | Q67: 0.38541667 | R67: 0.43125
A68: A48 | B68: 45736.401 | C68: =(B68-$B$3)*24 -> 2182.65 | F68: =E68/$O$78 -> 0 | G68: =E68-E27 -> 0 | O68: 1000 | P68: 0.38819444 | Q68: 0.39236111 | R68: 0.43402778
A69: A49 | B69: 45736.401 | C69: =(B69-$B$3)*24 -> 2182.65 | F69: =E69/$O$78 -> 0 | G69: =E69-E28 -> 0
A70: A50 | B70: 45736.401 | C70: =(B70-$B$3)*24 -> 2182.65 | F70: =E70/$O$78 -> 0 | G70: =E70-E29 -> 0
A71: A51 | B71: 45736.401 | C71: =(B71-$B$3)*24 -> 2182.65 | F71: =E71/$O$78 -> 0 | G71: =E71-E30 -> 0 | N71: CH4
A72: A52 | B72: 45736.401 | C72: =(B72-$B$3)*24 -> 2182.65 | F72: =E72/$O$78 -> 0 | G72: =E72-E31 -> 0 | N72: Standards [ppm CH4] | O72: Area Mittel | P72: Area1 | Q72: Area2 | R72: Area3 | S72: Area4 | T72: Area5
A73: A53 | B73: 45736.401 | C73: =(B73-$B$3)*24 -> 2182.65 | F73: =E73/$O$78 -> 0 | G73: =E73-E32 -> 0 | N73: 0 | O73: 0
A74: A54 | B74: 45736.401 | C74: =(B74-$B$3)*24 -> 2182.65 | F74: =E74/$O$78 -> 0 | G74: =E74-E33 -> 0 | N74: 2 | O74: =AVERAGE(Q74:U74) -> 16.5755 | P74: 27.5895 | Q74: 16.117 | R74: 17.034
A75: A55 | B75: 45736.401 | C75: =(B75-$B$3)*24 -> 2182.65 | F75: =E75/$O$78 -> 0 | G75: =E75-E34 -> 0 | N75: 30 | O75: =AVERAGE(P75:T75) -> 219.62883 | P75: 225.9375 | Q75: 217.737 | R75: 215.212
A76: A56 | B76: 45736.401 | C76: =(B76-$B$3)*24 -> 2182.65 | F76: =E76/$O$78 -> 0 | G76: =E76-E35 -> 0 | N76: 1000 | O76: =AVERAGE(P76:T76) -> 7224.7938 | P76: 7252.7775 | Q76: 7253.78 | R76: 7167.824
N78: Faktor_Area_CH4 | O78: {=LINEST(O73:O76,N73:N76,FALSE,FALSE)} -> 7.2248846 | P78: 0
N81: T_raum [°C] | O81: 21.8 | P81: T_raum [K] | Q81: =O81+273.15 -> 294.95
N82: P_raum [hPa] | O82: 984.7
N83: rel_Hum [%] | O83: 46.2
N170: T_raum [°C] | O170: 21.8
N171: P_raum [hPa] | O171: 988.7
N172: rel_Hum [%] | O172: 44.1

Sheet 10_CFE
A1: Microbial biomass
A2: Weighing of ca. 5g soil | T2: 03.12.2024 aerobic samples
A3: Start of fumigation aerobic samples: 2.12.2024, 9:45h, fumigated for 5min | T3: 18.12.2024 anaerobic samples
A4: End of fumigation aerobic samples: 4.12.2024, 9:00h
A5: Start of fumigation anaerobic samples: 17.12.2024, 10:24h, fumigated for 5min
A6: End of fumigation anaerobic samples: 19.12.2024, 7:40
A8: Fumigation | M8: 1:20 diluted | T8: Non-fumigation | AE8: 1:20 diluted
A9: Sample ID | B9: Working ID | C9: Incubation ID | D9: CFE ID | E9: CFE ID 2 | F9: O2 conditions | G9: Nr. on glass | H9: Weight [g] | I9: K2SO4 addition [ml] | J9: K2SO4 addition [L] | K9: Water in sample (L) | L9: Total water (L) | M9: NPOC [mg/l] | N9: NPOC [mg/l] | O9: Water content [g/g] | P9: Dry weight [g] | Q9: mg C g soil-1 | T9: Sample ID | U9: Working ID | V9: Incubation ID | W9: CFE ID | X9: CFE ID 2 | Y9: O2 conditions | Z9: Weight [g] | AA9: K2SO4 addition [ml] | AB9: K2SO4 addition [L] | AC9: Water in sample [L] | AD9: Total water [L] | AE9: NPOC [mg/l] | AF9: NPOC [mg/l] | AG9: Water content [g/g] | AH9: Dry weight [g] | AI9: mg C g soil-1 | AO9: Sample ID | AP9: O2 conditions | AQ9: MBC [mg g soil-1] | AR9: MBC [mg g soil-1] mit Minimalwert | AS9: MBC [ug g soil-1]
A10: AP1_0-20 | B10: P1 | C10: A1 | D10: Af1 | E10: 29 | F10: aerobic | G10: 71 | H10: 5.269 | I10: 25 | J10: =I10/1000 -> 0.025 | K10: =(H10-P10)/1000 -> 0.0031764046 | L10: =J10+K10 -> 0.028176405 | M10: 3.78 | N10: =M10*20 -> 75.6 | O10: 1.5179259 | P10: =H10/(1+O10) -> 2.0925954 | Q10: =((N10*L10)/P10) -> 1.0179398 | T10: AP1_0-20 | U10: P1 | V10: A1 | W10: A1 | X10: 1 | Y10: aerobic | Z10: 5.321 | AA10: 25 | AB10: =AA10/1000 -> 0.025 | AC10: =(Z10-AH10)/1000 -> 0.0032077527 | AD10: =AB10+AC10 -> 0.028207753 | AE10: 1.15 | AF10: =AE10*20 -> 23 | AG10: 1.5179259 | AH10: =Z10/(1+AG10) -> 2.1132473 | AI10: =((AF10*AD10)/AH10) -> 0.30700539 | AO10: AP1_0-20 | AP10: aerobic | AQ10: =(Q10-AI10)/0.45 -> 1.5798543 | AR10: =AQ10 -> 1.5798543 | AS10: =AR10*1000 -> 1579.8543
A11: AP1_20-40 | B11: P2 | C11: A2 | D11: Af2 | E11: 30 | F11: aerobic | G11: 400 | H11: 5.113 | I11: 30 | J11: =I11/1000 -> 0.03 | K11: =(H11-P11)/1000 -> 0.0030751023 | L11: =J11+K11 -> 0.033075102 | M11: 2.7 | N11: =M11*20 -> 54 | O11: 1.5089582 | P11: =H11/(1+O11) -> 2.0378977 | Q11: =((N11*L11)/P11) -> 0.87642061 | T11: AP1_20-40 | U11: P2 | V11: A2 | W11: A2 | X11: 2 | Y11: aerobic | Z11: 5.212 | AA11: 30 | AB11: =AA11/1000 -> 0.03 | AC11: =(Z11-AH11)/1000 -> 0.0031346437 | AD11: =AB11+AC11 -> 0.033134644 | AE11: 2.03 | AF11: =AE11*20 -> 40.6 | AG11: 1.5089582 | AH11: =Z11/(1+AG11) -> 2.0773563 | AI11: =((AF11*AD11)/AH11) -> 0.64758585 | AO11: AP1_20-40 | AP11: aerobic | AQ11: =(Q11-AI11)/0.45 -> 0.50852169 | AR11: =AQ11 -> 0.50852169 | AS11: =AR11*1000 -> 508.52169
A12: AP1_50-69 | B12: P3 | C12: A3 | D12: Af3 | E12: 31 | F12: aerobic | G12: 7 | H12: 5.12 | I12: 25 | J12: =I12/1000 -> 0.025 | K12: =(H12-P12)/1000 -> 0.0030961641 | L12: =J12+K12 -> 0.028096164 | M12: 12.6 | N12: =M12*20 -> 252 | O12: 1.5298493 | P12: =H12/(1+O12) -> 2.0238359 | Q12: =((N12*L12)/P12) -> 3.4984226 | T12: AP1_50-69 | U12: P3 | V12: A3 | W12: A3 | X12: 3 | Y12: aerobic | Z12: 5.229 | AA12: 25 | AB12: =AA12/1000 -> 0.025 | AC12: =(Z12-AH12)/1000 -> 0.0031620785 | AD12: =AB12+AC12 -> 0.028162078 | AE12: 12.3 | AF12: =AE12*20 -> 246 | AG12: 1.5298493 | AH12: =Z12/(1+AG12) -> 2.0669215 | AI12: =((AF12*AD12)/AH12) -> 3.3517825 | AO12: AP1_50-69 | AP12: aerobic | AQ12: =(Q12-AI12)/0.45 -> 0.32586687 | AR12: =AQ12 -> 0.32586687 | AS12: =AR12*1000 -> 325.86687
A13: AP1_80-100 | B13: P4 | C13: A4 | D13: Af4 | E13: 32 | F13: aerobic | G13: 26A | H13: 5.604 | I13: 25 | J13: =I13/1000 -> 0.025 | K13: =(H13-P13)/1000 -> 0.0034197947 | L13: =J13+K13 -> 0.028419795 | M13: 17.8 | N13: =M13*20 -> 356 | O13: 1.5656928 | P13: =H13/(1+O13) -> 2.1842053 | Q13: =((N13*L13)/P13) -> 4.6320951 | T13: AP1_80-100 | U13: P4 | V13: A4 | W13: A4 | X13: 4 | Y13: aerobic | Z13: 5.255 | AA13: 25 | AB13: =AA13/1000 -> 0.025 | AC13: =(Z13-AH13)/1000 -> 0.0032068203 | AD13: =AB13+AC13 -> 0.02820682 | AE13: 15.7 | AF13: =AE13*20 -> 314 | AG13: 1.5656928 | AH13: =Z13/(1+AG13) -> 2.0481797 | AI13: =((AF13*AD13)/AH13) -> 4.3242991 | AO13: AP1_80-100 | AP13: aerobic | AQ13: =(Q13-AI13)/0.45 -> 0.68399125 | AR13: =AQ13 -> 0.68399125 | AS13: =AR13*1000 -> 683.99125
A14: AP1_100-120 | B14: P5 | C14: A5 | D14: Af5 | E14: 33 | F14: aerobic | G14: 21A | H14: 5.104 | I14: 25 | J14: =I14/1000 -> 0.025 | K14: =(H14-P14)/1000 -> 0.0030712121 | L14: =J14+K14 -> 0.028071212 | M14: 16 | N14: =M14*20 -> 320 | O14: 1.5108375 | P14: =H14/(1+O14) -> 2.0327879 | Q14: =((N14*L14)/P14) -> 4.41895 | T14: AP1_100-120 | U14: P5 | V14: A5 | W14: A5 | X14: 5 | Y14: aerobic | Z14: 5.327 | AA14: 25 | AB14: =AA14/1000 -> 0.025 | AC14: =(Z14-AH14)/1000 -> 0.0032053972 | AD14: =AB14+AC14 -> 0.028205397 | AE14: 14.3 | AF14: =AE14*20 -> 286 | AG14: 1.5108375 | AH14: =Z14/(1+AG14) -> 2.1216028 | AI14: =((AF14*AD14)/AH14) -> 3.802193 | AO14: AP1_100-120 | AP14: aerobic | AQ14: =(Q14-AI14)/0.45 -> 1.370571 | AR14: =AQ14 -> 1.370571 | AS14: =AR14*1000 -> 1370.571
A15: AP2_0-20 | B15: P16 | C15: A6 | D15: Af6 | E15: 34 | F15: aerobic | G15: 17 | H15: 5.903 | I15: 25 | J15: =I15/1000 -> 0.025 | K15: =(H15-P15)/1000 -> 0.0035492495 | L15: =J15+K15 -> 0.028549249 | M15: 4.45 | N15: =M15*20 -> 89 | O15: 1.5079124 | P15: =H15/(1+O15) -> 2.3537505 | Q15: =((N15*L15)/P15) -> 1.079504 | T15: AP2_0-20 | U15: P16 | V15: A6 | W15: A6 | X15: 6 | Y15: aerobic | Z15: 5.66 | AA15: 25 | AB15: =AA15/1000 -> 0.025 | AC15: =(Z15-AH15)/1000 -> 0.0034031428 | AD15: =AB15+AC15 -> 0.028403143 | AE15: 3.47 | AF15: =AE15*20 -> 69.4 | AG15: 1.5079124 | AH15: =Z15/(1+AG15) -> 2.2568572 | AI15: =((AF15*AD15)/AH15) -> 0.87341731 | AO15: AP2_0-20 | AP15: aerobic | AQ15: =(Q15-AI15)/0.45 -> 0.45797054 | AR15: =AQ15 -> 0.45797054 | AS15: =AR15*1000 -> 457.97054
A16: AP2_20-40 | B16: P7 | C16: A7 | D16: Af7 | E16: 35 | F16: aerobic | G16: 19 | H16: 5.052 | I16: 25 | J16: =I16/1000 -> 0.025 | K16: =(H16-P16)/1000 -> 0.0030302604 | L16: =J16+K16 -> 0.02803026 | M16: 4.95 | N16: =M16*20 -> 99 | O16: 1.4988381 | P16: =H16/(1+O16) -> 2.0217396 | Q16: =((N16*L16)/P16) -> 1.3725782 | T16: AP2_20-40 | U16: P7 | V16: A7 | W16: A7 | X16: 7 | Y16: aerobic | Z16: 5.187 | AA16: 25 | AB16: =AA16/1000 -> 0.025 | AC16: =(Z16-AH16)/1000 -> 0.0031112353 | AD16: =AB16+AC16 -> 0.028111235 | AE16: 4.97 | AF16: =AE16*20 -> 99.4 | AG16: 1.4988381 | AH16: =Z16/(1+AG16) -> 2.0757647 | AI16: =((AF16*AD16)/AH16) -> 1.3461337 | AO16: AP2_20-40 | AP16: aerobic | AQ16: =(Q16-AI16)/0.45 -> 0.058765683 | AR16: =AQ16 -> 0.058765683 | AS16: =AR16*1000 -> 58.765683
A17: AP2_50-69 | B17: P8 | C17: A8 | D17: Af8 | E17: 36 | F17: aerobic | G17: 24 | H17: 5.284 | I17: 25 | J17: =I17/1000 -> 0.025 | K17: =(H17-P17)/1000 -> 0.0032265891 | L17: =J17+K17 -> 0.028226589 | M17: 5.01 | N17: =M17*20 -> 100.2 | O17: 1.5682765 | P17: =H17/(1+O17) -> 2.0574109 | Q17: =((N17*L17)/P17) -> 1.374691 | T17: AP2_50-69 | U17: P8 | V17: A8 | W17: A8 | X17: 8 | Y17: aerobic | Z17: 5.105 | AA17: 25 | AB17: =AA17/1000 -> 0.025 | AC17: =(Z17-AH17)/1000 -> 0.0031172857 | AD17: =AB17+AC17 -> 0.028117286 | AE17: 3.59 | AF17: =AE17*20 -> 71.8 | AG17: 1.5682765 | AH17: =Z17/(1+AG17) -> 1.9877143 | AI17: =((AF17*AD17)/AH17) -> 1.0156495 | AO17: AP2_50-69 | AP17: aerobic | AQ17: =(Q17-AI17)/0.45 -> 0.79786996 | AR17: =AQ17 -> 0.79786996 | AS17: =AR17*1000 -> 797.86996
A18: AP2_80-100 | B18: P9 | C18: A9 | D18: Af9 | E18: 37 | F18: aerobic | G18: 54 | H18: 5.246 | I18: 25 | J18: =I18/1000 -> 0.025 | K18: =(H18-P18)/1000 -> 0.0031725598 | L18: =J18+K18 -> 0.02817256 | M18: 7.1 | N18: =M18*20 -> 142 | O18: 1.5300947 | P18: =H18/(1+O18) -> 2.0734402 | Q18: =((N18*L18)/P18) -> 1.9294038 | T18: AP2_80-100 | U18: P9 | V18: A9 | W18: A9 | X18: 9 | Y18: aerobic | Z18: 5.2 | AA18: 25 | AB18: =AA18/1000 -> 0.025 | AC18: =(Z18-AH18)/1000 -> 0.0031447409 | AD18: =AB18+AC18 -> 0.028144741 | AE18: 6.37 | AF18: =AE18*20 -> 127.4 | AG18: 1.5300947 | AH18: =Z18/(1+AG18) -> 2.0552591 | AI18: =((AF18*AD18)/AH18) -> 1.744617 | AO18: AP2_80-100 | AP18: aerobic | AQ18: =(Q18-AI18)/0.45 -> 0.41063733 | AR18: =AQ18 -> 0.41063733 | AS18: =AR18*1000 -> 410.63733
A19: AP2_100-120 | B19: P10 | C19: A10 | D19: Af10 | E19: 38 | F19: aerobic | G19: 5 | H19: 5.171 | I19: 25 | J19: =I19/1000 -> 0.025 | K19: =(H19-P19)/1000 -> 0.0031002945 | L19: =J19+K19 -> 0.028100294 | M19: 6.93 | N19: =M19*20 -> 138.6 | O19: 1.4972165 | P19: =H19/(1+O19) -> 2.0707055 | Q19: =((N19*L19)/P19) -> 1.8808569 | T19: AP2_100-120 | U19: P10 | V19: A10 | W19: A10 | X19: 10 | Y19: aerobic | Z19: 5.539 | AA19: 25 | AB19: =AA19/1000 -> 0.025 | AC19: =(Z19-AH19)/1000 -> 0.0033209304 | AD19: =AB19+AC19 -> 0.02832093 | AE19: 7.03 | AF19: =AE19*20 -> 140.6 | AG19: 1.4972165 | AH19: =Z19/(1+AG19) -> 2.2180696 | AI19: =((AF19*AD19)/AH19) -> 1.7952199 | AO19: AP2_100-120 | AP19: aerobic | AQ19: =(Q19-AI19)/0.45 -> 0.19030436 | AR19: =AQ19 -> 0.19030436 | AS19: =AR19*1000 -> 190.30436
A20: AP3_0-20 | B20: P11 | C20: A11 | D20: Af11 | E20: 39 | F20: aerobic | G20: 33 | H20: 5.23 | I20: 30 | J20: =I20/1000 -> 0.03 | K20: =(H20-P20)/1000 -> 0.003149389 | L20: =J20+K20 -> 0.033149389 | M20: 6.12 | N20: =M20*20 -> 122.4 | O20: 1.5136847 | P20: =H20/(1+O20) -> 2.080611 | Q20: =((N20*L20)/P20) -> 1.9501412 | T20: AP3_0-20 | U20: P11 | V20: A11 | W20: A11 | X20: 11 | Y20: aerobic | Z20: 5.191 | AA20: 30 | AB20: =AA20/1000 -> 0.03 | AC20: =(Z20-AH20)/1000 -> 0.0031259041 | AD20: =AB20+AC20 -> 0.033125904 | AE20: 2.67 | AF20: =AE20*20 -> 53.4 | AG20: 1.5136847 | AH20: =Z20/(1+AG20) -> 2.0650959 | AI20: =((AF20*AD20)/AH20) -> 0.85658167 | AO20: AP3_0-20 | AP20: aerobic | AQ20: =(Q20-AI20)/0.45 -> 2.4301324 | AR20: =AQ20 -> 2.4301324 | AS20: =AR20*1000 -> 2430.1324
A21: AP3_20-40 | B21: P12 | C21: A12 | D21: Af12 | E21: 40 | F21: aerobic | G21: 19A | H21: 5.103 | I21: 25 | J21: =I21/1000 -> 0.025 | K21: =(H21-P21)/1000 -> 0.0030667618 | L21: =J21+K21 -> 0.028066762 | M21: 3.55 | N21: =M21*20 -> 71 | O21: 1.5060919 | P21: =H21/(1+O21) -> 2.0362382 | Q21: =((N21*L21)/P21) -> 0.97863802 | T21: AP3_20-40 | U21: P12 | V21: A12 | W21: A12 | X21: 12 | Y21: aerobic | Z21: 5.184 | AA21: 30 | AB21: =AA21/1000 -> 0.03 | AC21: =(Z21-AH21)/1000 -> 0.0031154406 | AD21: =AB21+AC21 -> 0.033115441 | AE21: 2.65 | AF21: =AE21*20 -> 53 | AG21: 1.5060919 | AH21: =Z21/(1+AG21) -> 2.0685594 | AI21: =((AF21*AD21)/AH21) -> 0.84847375 | AO21: AP3_20-40 | AP21: aerobic | AQ21: =(Q21-AI21)/0.45 -> 0.28925394 | AR21: =AQ21 -> 0.28925394 | AS21: =AR21*1000 -> 289.25394
A22: AP3_50-69 | B22: P13 | C22: A13 | D22: Af13 | E22: 41 | F22: aerobic | G22: 3 | H22: 5.081 | I22: 25 | J22: =I22/1000 -> 0.025 | K22: =(H22-P22)/1000 -> 0.0030667008 | L22: =J22+K22 -> 0.028066701 | M22: 6.24 | N22: =M22*20 -> 124.8 | O22: 1.5224654 | P22: =H22/(1+O22) -> 2.0142992 | Q22: =((N22*L22)/P22) -> 1.7389295 | T22: AP3_50-69 | U22: P13 | V22: A13 | W22: A13 | X22: 13 | Y22: aerobic | Z22: 5.419 | AA22: 25 | AB22: =AA22/1000 -> 0.025 | AC22: =(Z22-AH22)/1000 -> 0.0032707049 | AD22: =AB22+AC22 -> 0.028270705 | AE22: 6.73 | AF22: =AE22*20 -> 134.6 | AG22: 1.5224654 | AH22: =Z22/(1+AG22) -> 2.1482951 | AI22: =((AF22*AD22)/AH22) -> 1.7712822 | AO22: AP3_50-69 | AP22: aerobic | AQ22: =(Q22-AI22)/0.45 -> -0.071894959 | AR22: 0.05 | AS22: =AR22*1000 -> 50
A23: AP3_80-100 | B23: P14 | C23: A14 | D23: Af14 | E23: 42 | F23: aerobic | G23: 312 | H23: 5.15 | I23: 25 | J23: =I23/1000 -> 0.025 | K23: =(H23-P23)/1000 -> 0.0030865309 | L23: =J23+K23 -> 0.028086531 | M23: 7.55 | N23: =M23*20 -> 151 | O23: 1.495797 | P23: =H23/(1+O23) -> 2.0634691 | Q23: =((N23*L23)/P23) -> 2.0553088 | T23: AP3_80-100 | U23: P14 | V23: A14 | W23: A14 | X23: 14 | Y23: aerobic | Z23: 5.131 | AA23: 25 | AB23: =AA23/1000 -> 0.025 | AC23: =(Z23-AH23)/1000 -> 0.0030751437 | AD23: =AB23+AC23 -> 0.028075144 | AE23: 7.63 | AF23: =AE23*20 -> 152.6 | AG23: 1.495797 | AH23: =Z23/(1+AG23) -> 2.0558563 | AI23: =((AF23*AD23)/AH23) -> 2.0839331 | AO23: AP3_80-100 | AP23: aerobic | AQ23: =(Q23-AI23)/0.45 -> -0.06360952 | AR23: 0.05 | AS23: =AR23*1000 -> 50
A24: AP3_100-119 | B24: P15 | C24: A15 | D24: Af15 | E24: 43 | F24: aerobic | G24: 59 | H24: 5.334 | I24: 25 | J24: =I24/1000 -> 0.025 | K24: =(H24-P24)/1000 -> 0.0032207867 | L24: =J24+K24 -> 0.028220787 | M24: 5.85 | N24: =M24*20 -> 117 | O24: 1.5241182 | P24: =H24/(1+O24) -> 2.1132133 | Q24: =((N24*L24)/P24) -> 1.5624699 | T24: AP3_100-119 | U24: P15 | V24: A15 | W24: A15 | X24: 15 | Y24: aerobic | Z24: 5.12 | AA24: 25 | AB24: =AA24/1000 -> 0.025 | AC24: =(Z24-AH24)/1000 -> 0.0030915688 | AD24: =AB24+AC24 -> 0.028091569 | AE24: 5.27 | AF24: =AE24*20 -> 105.4 | AG24: 1.5241182 | AH24: =Z24/(1+AG24) -> 2.0284312 | AI24: =((AF24*AD24)/AH24) -> 1.4596755 | AO24: AP3_100-119 | AP24: aerobic | AQ24: =(Q24-AI24)/0.45 -> 0.22843186 | AR24: =AQ24 -> 0.22843186 | AS24: =AR24*1000 -> 228.43186
A25: AP4_0-20 | B25: P6 | C25: A16 | D25: Af16 | E25: 44 | F25: aerobic | G25: M1 | H25: 5.235 | I25: 25 | J25: =I25/1000 -> 0.025 | K25: =(H25-P25)/1000 -> 0.0031416216 | L25: =J25+K25 -> 0.028141622 | M25: 4.6 | N25: =M25*20 -> 92 | O25: 1.5007423 | P25: =H25/(1+O25) -> 2.0933784 | Q25: =((N25*L25)/P25) -> 1.2367708 | T25: AP4_0-20 | U25: P6 | V25: A16 | W25: A16 | X25: 16 | Y25: aerobic | Z25: 5.148 | AA25: 25 | AB25: =AA25/1000 -> 0.025 | AC25: =(Z25-AH25)/1000 -> 0.0030894113 | AD25: =AB25+AC25 -> 0.028089411 | AE25: 3.63 | AF25: =AE25*20 -> 72.6 | AG25: 1.5007423 | AH25: =Z25/(1+AG25) -> 2.0585887 | AI25: =((AF25*AD25)/AH25) -> 0.99062587 | AO25: AP4_0-20 | AP25: aerobic | AQ25: =(Q25-AI25)/0.45 -> 0.54698863 | AR25: =AQ25 -> 0.54698863 | AS25: =AR25*1000 -> 546.98863
A26: AP4_20-40 | B26: P17 | C26: A17 | D26: Af17 | E26: 45 | F26: aerobic | G26: 53 | H26: 5.165 | I26: 25 | J26: =I26/1000 -> 0.025 | K26: =(H26-P26)/1000 -> 0.0031175124 | L26: =J26+K26 -> 0.028117512 | M26: 4.47 | N26: =M26*20 -> 89.4 | O26: 1.5226038 | P26: =H26/(1+O26) -> 2.0474876 | Q26: =((N26*L26)/P26) -> 1.2277025 | T26: AP4_20-40 | U26: P17 | V26: A17 | W26: A17 | X26: 17 | Y26: aerobic | Z26: 5.263 | AA26: 25 | AB26: =AA26/1000 -> 0.025 | AC26: =(Z26-AH26)/1000 -> 0.0031766636 | AD26: =AB26+AC26 -> 0.028176664 | AE26: 4.62 | AF26: =AE26*20 -> 92.4 | AG26: 1.5226038 | AH26: =Z26/(1+AG26) -> 2.0863364 | AI26: =((AF26*AD26)/AH26) -> 1.2478926 | AO26: AP4_20-40 | AP26: aerobic | AQ26: =(Q26-AI26)/0.45 -> -0.044866961 | AR26: 0.05 | AS26: =AR26*1000 -> 50
A27: AP4_50-70 | B27: P18 | C27: A18 | D27: Af18 | E27: 46 | F27: aerobic | G27: 14 | H27: 5.056 | I27: 25 | J27: =I27/1000 -> 0.025 | K27: =(H27-P27)/1000 -> 0.0030663838 | L27: =J27+K27 -> 0.028066384 | M27: 2.43 | N27: =M27*20 -> 48.6 | O27: 1.5411936 | P27: =H27/(1+O27) -> 1.9896162 | Q27: =((N27*L27)/P27) -> 0.68557254 | T27: AP4_50-70 | U27: P18 | V27: A18 | W27: A18 | X27: 18 | Y27: aerobic | Z27: 5.427 | AA27: 25 | AB27: =AA27/1000 -> 0.025 | AC27: =(Z27-AH27)/1000 -> 0.0032913894 | AD27: =AB27+AC27 -> 0.028291389 | AE27: 2.32 | AF27: =AE27*20 -> 46.4 | AG27: 1.5411936 | AH27: =Z27/(1+AG27) -> 2.1356106 | AI27: =((AF27*AD27)/AH27) -> 0.61468156 | AO27: AP4_50-70 | AP27: aerobic | AQ27: =(Q27-AI27)/0.45 -> 0.15753551 | AR27: =AQ27 -> 0.15753551 | AS27: =AR27*1000 -> 157.53551
A28: AP4_80-99 | B28: P19 | C28: A19 | D28: Af19 | E28: 47 | F28: aerobic | G28: 4 | H28: 4.832 | I28: 30 | J28: =I28/1000 -> 0.03 | K28: =(H28-P28)/1000 -> 0.0029379056 | L28: =J28+K28 -> 0.032937906 | M28: 2.85 | N28: =M28*20 -> 57 | O28: 1.5510872 | P28: =H28/(1+O28) -> 1.8940944 | Q28: =((N28*L28)/P28) -> 0.99121808 | T28: AP4_80-99 | U28: P19 | V28: A19 | W28: A19 | X28: 19 | Y28: aerobic | Z28: 5.071 | AA28: 30 | AB28: =AA28/1000 -> 0.03 | AC28: =(Z28-AH28)/1000 -> 0.00308322 | AD28: =AB28+AC28 -> 0.03308322 | AE28: 2.77 | AF28: =AE28*20 -> 55.4 | AG28: 1.5510872 | AH28: =Z28/(1+AG28) -> 1.98778 | AI28: =((AF28*AD28)/AH28) -> 0.92203887 | AO28: AP4_80-99 | AP28: aerobic | AQ28: =(Q28-AI28)/0.45 -> 0.15373157 | AR28: =AQ28 -> 0.15373157 | AS28: =AR28*1000 -> 153.73157
A29: AP4_99-120 | B29: P20 | C29: A20 | D29: Af20 | E29: 48 | F29: aerobic | G29: 64 | H29: 4.826 | I29: 25 | J29: =I29/1000 -> 0.025 | K29: =(H29-P29)/1000 -> 0.0029444453 | L29: =J29+K29 -> 0.027944445 | M29: 3.09 | N29: =M29*20 -> 61.8 | O29: 1.5649002 | P29: =H29/(1+O29) -> 1.8815547 | Q29: =((N29*L29)/P29) -> 0.91784032 | T29: AP4_99-120 | U29: P20 | V29: A20 | W29: A20 | X29: 20 | Y29: aerobic | Z29: 5.024 | AA29: 25 | AB29: =AA29/1000 -> 0.025 | AC29: =(Z29-AH29)/1000 -> 0.0030652494 | AD29: =AB29+AC29 -> 0.028065249 | AE29: 2.96 | AF29: =AE29*20 -> 59.2 | AG29: 1.5649002 | AH29: =Z29/(1+AG29) -> 1.9587506 | AI29: =((AF29*AD29)/AH29) -> 0.84822577 | AO29: AP4_99-120 | AP29: aerobic | AQ29: =(Q29-AI29)/0.45 -> 0.154699 | AR29: =AQ29 -> 0.154699 | AS29: =AR29*1000 -> 154.699
A30: AT1_143-163 | B30: P24 | C30: A21 | D30: Af21 | E30: 49 | F30: aerobic | G30: 52 | H30: 5.15 | I30: 25 | J30: =I30/1000 -> 0.025 | K30: =(H30-P30)/1000 -> 0.0030963267 | L30: =J30+K30 -> 0.028096327 | M30: 1.94 | N30: =M30*20 -> 38.8 | O30: 1.5077017 | P30: =H30/(1+O30) -> 2.0536733 | Q30: =((N30*L30)/P30) -> 0.53082322 | T30: AT1_143-163 | U30: P24 | V30: A21 | W30: A21 | X30: 21 | Y30: aerobic | Z30: 5.149 | AA30: 25 | AB30: =AA30/1000 -> 0.025 | AC30: =(Z30-AH30)/1000 -> 0.0030957255 | AD30: =AB30+AC30 -> 0.028095725 | AE30: 1.75 | AF30: =AE30*20 -> 35 | AG30: 1.5077017 | AH30: =Z30/(1+AG30) -> 2.0532745 | AI30: =((AF30*AD30)/AH30) -> 0.47891812 | AO30: AT1_143-163 | AP30: aerobic | AQ30: =(Q30-AI30)/0.45 -> 0.11534465 | AR30: =AQ30 -> 0.11534465 | AS30: =AR30*1000 -> 115.34465
A31: AT1_163-183 | B31: P25 | C31: A22 | D31: Af22 | E31: 50 | F31: aerobic | G31: 32 | H31: 5.02 | I31: 25 | J31: =I31/1000 -> 0.025 | K31: =(H31-P31)/1000 -> 0.0030242316 | L31: =J31+K31 -> 0.028024232 | M31: 1.82 | N31: =M31*20 -> 36.4 | O31: 1.5153219 | P31: =H31/(1+O31) -> 1.9957684 | Q31: =((N31*L31)/P31) -> 0.51112245 | T31: AT1_163-183 | U31: P25 | V31: A22 | W31: A22 | X31: 22 | Y31: aerobic | Z31: 4.981 | AA31: 25 | AB31: =AA31/1000 -> 0.025 | AC31: =(Z31-AH31)/1000 -> 0.0030007366 | AD31: =AB31+AC31 -> 0.028000737 | AE31: 1.78 | AF31: =AE31*20 -> 35.6 | AG31: 1.5153219 | AH31: =Z31/(1+AG31) -> 1.9802634 | AI31: =((AF31*AD31)/AH31) -> 0.50338062 | AO31: AT1_163-183 | AP31: aerobic | AQ31: =(Q31-AI31)/0.45 -> 0.017204073 | AR31: 0.05 | AS31: =AR31*1000 -> 50
A32: AT2_123-143 | B32: P29 | C32: A23 | D32: Af23 | E32: 51 | F32: aerobic | G32: 26 | H32: 4.996 | I32: 25 | J32: =I32/1000 -> 0.025 | K32: =(H32-P32)/1000 -> 0.0030343303 | L32: =J32+K32 -> 0.02803433 | M32: 3.03 | N32: =M32*20 -> 60.6 | O32: 1.54681 | P32: =H32/(1+O32) -> 1.9616697 | Q32: =((N32*L32)/P32) -> 0.86603794 | T32: AT2_123-143 | U32: P29 | V32: A23 | W32: A23 | X32: 23 | Y32: aerobic | Z32: 4.584 | AA32: 25 | AB32: =AA32/1000 -> 0.025 | AC32: =(Z32-AH32)/1000 -> 0.0027841013 | AD32: =AB32+AC32 -> 0.027784101 | AE32: 2.69 | AF32: =AE32*20 -> 53.8 | AG32: 1.54681 | AH32: =Z32/(1+AG32) -> 1.7998987 | AI32: =((AF32*AD32)/AH32) -> 0.83048264 | AO32: AT2_123-143 | AP32: aerobic | AQ32: =(Q32-AI32)/0.45 -> 0.079011779 | AR32: =AQ32 -> 0.079011779 | AS32: =AR32*1000 -> 79.011779
A33: AT2_143-163 | B33: P30 | C33: A24 | D33: Af24 | E33: 52 | F33: aerobic | G33: 26B | H33: 5.042 | I33: 25 | J33: =I33/1000 -> 0.025 | K33: =(H33-P33)/1000 -> 0.0030633152 | L33: =J33+K33 -> 0.028063315 | M33: 2.13 | N33: =M33*20 -> 42.6 | O33: 1.5481572 | P33: =H33/(1+O33) -> 1.9786848 | Q33: =((N33*L33)/P33) -> 0.60418779 | T33: AT2_143-163 | U33: P30 | V33: A24 | W33: A24 | X33: 24 | Y33: aerobic | Z33: 5.044 | AA33: 25 | AB33: =AA33/1000 -> 0.025 | AC33: =(Z33-AH33)/1000 -> 0.0030645303 | AD33: =AB33+AC33 -> 0.02806453 | AE33: 1.87 | AF33: =AE33*20 -> 37.4 | AG33: 1.5481572 | AH33: =Z33/(1+AG33) -> 1.9794697 | AI33: =((AF33*AD33)/AH33) -> 0.5302498 | AO33: AT2_143-163 | AP33: aerobic | AQ33: =(Q33-AI33)/0.45 -> 0.16430664 | AR33: =AQ33 -> 0.16430664 | AS33: =AR33*1000 -> 164.30664
A34: AT3_140-160 | B34: P34 | C34: A25 | D34: Af25 | E34: 53 | F34: aerobic | G34: 402 | H34: 5.1 | I34: 25 | J34: =I34/1000 -> 0.025 | K34: =(H34-P34)/1000 -> 0.0030962241 | L34: =J34+K34 -> 0.028096224 | M34: 3.82 | N34: =M34*20 -> 76.4 | O34: 1.5451948 | P34: =H34/(1+O34) -> 2.0037759 | Q34: =((N34*L34)/P34) -> 1.0712533 | T34: AT3_140-160 | U34: P34 | V34: A25 | W34: A25 | X34: 25 | Y34: aerobic | Z34: 5.262 | AA34: 25 | AB34: =AA34/1000 -> 0.025 | AC34: =(Z34-AH34)/1000 -> 0.0031945748 | AD34: =AB34+AC34 -> 0.028194575 | AE34: 3.29 | AF34: =AE34*20 -> 65.8 | AG34: 1.5451948 | AH34: =Z34/(1+AG34) -> 2.0674252 | AI34: =((AF34*AD34)/AH34) -> 0.89734952 | AO34: AT3_140-160 | AP34: aerobic | AQ34: =(Q34-AI34)/0.45 -> 0.38645287 | AR34: =AQ34 -> 0.38645287 | AS34: =AR34*1000 -> 386.45287
A35: AT3_160-180 | B35: P35 | C35: A26 | D35: Af26 | E35: 54 | F35: aerobic | G35: M2 | H35: 4.937 | I35: 25 | J35: =I35/1000 -> 0.025 | K35: =(H35-P35)/1000 -> 0.0030035431 | L35: =J35+K35 -> 0.028003543 | M35: 2.5 | N35: =M35*20 -> 50 | O35: 1.5534575 | P35: =H35/(1+O35) -> 1.9334569 | Q35: =((N35*L35)/P35) -> 0.72418329 | T35: AT3_160-180 | U35: P35 | V35: A26 | W35: A26 | X35: 26 | Y35: aerobic | Z35: 5.424 | AA35: 30 | AB35: =AA35/1000 -> 0.03 | AC35: =(Z35-AH35)/1000 -> 0.0032998213 | AD35: =AB35+AC35 -> 0.033299821 | AE35: 2.27 | AF35: =AE35*20 -> 45.4 | AG35: 1.5534575 | AH35: =Z35/(1+AG35) -> 2.1241787 | AI35: =((AF35*AD35)/AH35) -> 0.71171597 | AO35: AT3_160-180 | AP35: aerobic | AQ35: =(Q35-AI35)/0.45 -> 0.027705144 | AR35: 0.05 | AS35: =AR35*1000 -> 50
A36: AT5_130-150 | B36: P39 | C36: A27 | D36: Af27 | E36: 55 | F36: aerobic | G36: M3 | H36: 4.837 | I36: 25 | J36: =I36/1000 -> 0.025 | K36: =(H36-P36)/1000 -> 0.0029087779 | L36: =J36+K36 -> 0.027908778 | M36: 3.92 | N36: =M36*20 -> 78.4 | O36: 1.5085285 | P36: =H36/(1+O36) -> 1.9282221 | Q36: =((N36*L36)/P36) -> 1.1347491 | T36: AT5_130-150 | U36: P39 | V36: A27 | W36: A27 | X36: 27 | Y36: aerobic | Z36: 5.136 | AA36: 30 | AB36: =AA36/1000 -> 0.03 | AC36: =(Z36-AH36)/1000 -> 0.0030885845 | AD36: =AB36+AC36 -> 0.033088585 | AE36: 3.37 | AF36: =AE36*20 -> 67.4 | AG36: 1.5085285 | AH36: =Z36/(1+AG36) -> 2.0474155 | AI36: =((AF36*AD36)/AH36) -> 1.0892614 | AO36: AT5_130-150 | AP36: aerobic | AQ36: =(Q36-AI36)/0.45 -> 0.10108373 | AR36: =AQ36 -> 0.10108373 | AS36: =AR36*1000 -> 101.08373
A37: AT5_150-170 | B37: P40 | C37: A28 | D37: Af28 | E37: 56 | F37: aerobic | G37: M4 | H37: 4.847 | I37: 25 | J37: =I37/1000 -> 0.025 | K37: =(H37-P37)/1000 -> 0.0029228042 | L37: =J37+K37 -> 0.027922804 | M37: 2.96 | N37: =M37*20 -> 59.2 | O37: 1.5189745 | P37: =H37/(1+O37) -> 1.9241958 | Q37: =((N37*L37)/P37) -> 0.85907579 | T37: AT5_150-170 | U37: P40 | V37: A28 | W37: A28 | X37: 28 | Y37: aerobic | Z37: 4.818 | AA37: 30 | AB37: =AA37/1000 -> 0.03 | AC37: =(Z37-AH37)/1000 -> 0.0029053169 | AD37: =AB37+AC37 -> 0.032905317 | AE37: 2.46 | AF37: =AE37*20 -> 49.2 | AG37: 1.5189745 | AH37: =Z37/(1+AG37) -> 1.9126831 | AI37: =((AF37*AD37)/AH37) -> 0.84642435 | AO37: AT5_150-170 | AP37: aerobic | AQ37: =(Q37-AI37)/0.45 -> 0.028114323 | AR37: 0.05 | AS37: =AR37*1000 -> 50
A38: AT1_0-40 | B38: P21 | C38: A29 | D38: Af29 | E38: 85 | F38: anaerobic | G38: 9 | H38: 5.2 | I38: 35 | J38: =I38/1000 -> 0.035 | K38: =(H38-P38)/1000 -> 0.0037307641 | L38: =J38+K38 -> 0.038730764 | M38: 3.81 | N38: =M38*20 -> 76.2 | O38: 2.5392545 | P38: =H38/(1+O38) -> 1.4692359 | Q38: =((N38*L38)/P38) -> 2.0087204 | T38: AT1_0-40 | U38: P21 | V38: A29 | W38: A29 | X38: 57 | Y38: anaerobic | Z38: 4.959 | AA38: 35 | AB38: =AA38/1000 -> 0.035 | AC38: =(Z38-AH38)/1000 -> 0.0035578575 | AD38: =AB38+AC38 -> 0.038557857 | AE38: 2.76 | AF38: =AE38*20 -> 55.2 | AG38: 2.5392545 | AH38: =Z38/(1+AG38) -> 1.4011425 | AI38: =((AF38*AD38)/AH38) -> 1.5190416 | AO38: AT1_0-40 | AP38: anaerobic | AQ38: =(Q38-AI38)/0.45 -> 1.0881752 | AR38: =AQ38 -> 1.0881752 | AS38: =AR38*1000 -> 1088.1752
A39: AT1_63-83 | B39: P22 | C39: A30 | D39: Af30 | E39: 86 | F39: anaerobic | G39: 19A | H39: 5.094 | I39: 25 | J39: =I39/1000 -> 0.025 | K39: =(H39-P39)/1000 -> 0.0030567005 | L39: =J39+K39 -> 0.0280567 | M39: 4.69 | N39: =M39*20 -> 93.8 | O39: 1.5003687 | P39: =H39/(1+O39) -> 2.0372995 | Q39: =((N39*L39)/P39) -> 1.2917681 | T39: AT1_63-83 | U39: P22 | V39: A30 | W39: A30 | X39: 58 | Y39: anaerobic | Z39: 6.165 | AA39: 30 | AB39: =AA39/1000 -> 0.03 | AC39: =(Z39-AH39)/1000 -> 0.0036993636 | AD39: =AB39+AC39 -> 0.033699364 | AE39: 4.75 | AF39: =AE39*20 -> 95 | AG39: 1.5003687 | AH39: =Z39/(1+AG39) -> 2.4656364 | AI39: =((AF39*AD39)/AH39) -> 1.2984232 | AO39: AT1_63-83 | AP39: anaerobic | AQ39: =(Q39-AI39)/0.45 -> -0.014789241 | AR39: 0.05 | AS39: =AR39*1000 -> 50
A40: AT1_83-103 | B40: P23 | C40: A31 | D40: Af31 | E40: 87 | F40: anaerobic | G40: 7 | H40: 5.077 | I40: 25 | J40: =I40/1000 -> 0.025 | K40: =(H40-P40)/1000 -> 0.0030643848 | L40: =J40+K40 -> 0.028064385 | M40: 5.94 | N40: =M40*20 -> 118.8 | O40: 1.5225886 | P40: =H40/(1+O40) -> 2.0126152 | Q40: =((N40*L40)/P40) -> 1.6565755 | T40: AT1_83-103 | U40: P23 | V40: A31 | W40: A31 | X40: 59 | Y40: anaerobic | Z40: 5.229 | AA40: 25 | AB40: =AA40/1000 -> 0.025 | AC40: =(Z40-AH40)/1000 -> 0.0031561293 | AD40: =AB40+AC40 -> 0.028156129 | AE40: 4.45 | AF40: =AE40*20 -> 89 | AG40: 1.5225886 | AH40: =Z40/(1+AG40) -> 2.0728707 | AI40: =((AF40*AD40)/AH40) -> 1.208901 | AO40: AT1_83-103 | AP40: anaerobic | AQ40: =(Q40-AI40)/0.45 -> 0.99483215 | AR40: =AQ40 -> 0.99483215 | AS40: =AR40*1000 -> 994.83215
A41: AT1_143-163 | B41: P24 | C41: A32 | D41: Af32 | E41: 88 | F41: anaerobic | G41: 4 | H41: 5.056 | I41: 25 | J41: =I41/1000 -> 0.025 | K41: =(H41-P41)/1000 -> 0.0030411319 | L41: =J41+K41 -> 0.028041132 | M41: 1.74 | N41: =M41*20 -> 34.8 | O41: 1.5093454 | P41: =H41/(1+O41) -> 2.0148681 | Q41: =((N41*L41)/P41) -> 0.48431527 | T41: AT1_143-163 | U41: P24 | V41: A32 | W41: A32 | X41: 60 | Y41: anaerobic | Z41: 6.01 | AA41: 30 | AB41: =AA41/1000 -> 0.03 | AC41: =(Z41-AH41)/1000 -> 0.0036149531 | AD41: =AB41+AC41 -> 0.033614953 | AE41: 1.86 | AF41: =AE41*20 -> 37.2 | AG41: 1.5093454 | AH41: =Z41/(1+AG41) -> 2.3950469 | AI41: =((AF41*AD41)/AH41) -> 0.52210929 | AO41: AT1_143-163 | AP41: anaerobic | AQ41: =(Q41-AI41)/0.45 -> -0.08398671 | AR41: 0.05 | AS41: =AR41*1000 -> 50
A42: AT1_163-183 | B42: P25 | C42: A33 | D42: Af33 | E42: 89 | F42: anaerobic | G42: 5 | H42: 5.109 | I42: 25 | J42: =I42/1000 -> 0.025 | K42: =(H42-P42)/1000 -> 0.0030794435 | L42: =J42+K42 -> 0.028079443 | M42: 1.79 | N42: =M42*20 -> 35.8 | O42: 1.5172987 | P42: =H42/(1+O42) -> 2.0295565 | Q42: =((N42*L42)/P42) -> 0.49530234 | T42: AT1_163-183 | U42: P25 | V42: A33 | W42: A33 | X42: 61 | Y42: anaerobic | Z42: 5.244 | AA42: 25 | AB42: =AA42/1000 -> 0.025 | AC42: =(Z42-AH42)/1000 -> 0.0031608146 | AD42: =AB42+AC42 -> 0.028160815 | AE42: 1.66 | AF42: =AE42*20 -> 33.2 | AG42: 1.5172987 | AH42: =Z42/(1+AG42) -> 2.0831854 | AI42: =((AF42*AD42)/AH42) -> 0.44880261 | AO42: AT1_163-183 | AP42: anaerobic | AQ42: =(Q42-AI42)/0.45 -> 0.10333273 | AR42: =AQ42 -> 0.10333273 | AS42: =AR42*1000 -> 103.33273
A43: AT2_0-40 | B43: P26 | C43: A34 | D43: Af34 | E43: 90 | F43: anaerobic | G43: M4 | H43: 5.556 | I43: 30 | J43: =I43/1000 -> 0.03 | K43: =(H43-P43)/1000 -> 0.0039886065 | L43: =J43+K43 -> 0.033988607 | M43: 3.93 | N43: =M43*20 -> 78.6 | O43: 2.5447385 | P43: =H43/(1+O43) -> 1.5673935 | Q43: =((N43*L43)/P43) -> 1.7044249 | T43: AT2_0-40 | U43: P26 | V43: A34 | W43: A34 | X43: 62 | Y43: anaerobic | Z43: 4.918 | AA43: 30 | AB43: =AA43/1000 -> 0.03 | AC43: =(Z43-AH43)/1000 -> 0.0035305916 | AD43: =AB43+AC43 -> 0.033530592 | AE43: 3.06 | AF43: =AE43*20 -> 61.2 | AG43: 2.5447385 | AH43: =Z43/(1+AG43) -> 1.3874084 | AI43: =((AF43*AD43)/AH43) -> 1.4790686 | AO43: AT2_0-40 | AP43: anaerobic | AQ43: =(Q43-AI43)/0.45 -> 0.5007918 | AR43: =AQ43 -> 0.5007918 | AS43: =AR43*1000 -> 500.7918
A44: AT2_43-63 | B44: P27 | C44: A35 | D44: Af35 | E44: 91 | F44: anaerobic | G44: 400 | H44: 5.139 | I44: 25 | J44: =I44/1000 -> 0.025 | K44: =(H44-P44)/1000 -> 0.0031209469 | L44: =J44+K44 -> 0.028120947 | M44: 6.25 | N44: =M44*20 -> 125 | O44: 1.5465138 | P44: =H44/(1+O44) -> 2.0180531 | Q44: =((N44*L44)/P44) -> 1.7418364 | T44: AT2_43-63 | U44: P27 | V44: A35 | W44: A35 | X44: 63 | Y44: anaerobic | Z44: 6.105 | AA44: 30 | AB44: =AA44/1000 -> 0.03 | AC44: =(Z44-AH44)/1000 -> 0.0037076048 | AD44: =AB44+AC44 -> 0.033707605 | AE44: 5.68 | AF44: =AE44*20 -> 113.6 | AG44: 1.5465138 | AH44: =Z44/(1+AG44) -> 2.3973952 | AI44: =((AF44*AD44)/AH44) -> 1.5972268 | AO44: AT2_43-63 | AP44: anaerobic | AQ44: =(Q44-AI44)/0.45 -> 0.32135472 | AR44: =AQ44 -> 0.32135472 | AS44: =AR44*1000 -> 321.35472
A45: AT2_63-83 | B45: P28 | C45: A36 | D45: Af36 | E45: 92 | F45: anaerobic | G45: 59 | H45: 5.564 | I45: 25 | J45: =I45/1000 -> 0.025 | K45: =(H45-P45)/1000 -> 0.0033658585 | L45: =J45+K45 -> 0.028365858 | M45: 6.54 | N45: =M45*20 -> 130.8 | O45: 1.5312292 | P45: =H45/(1+O45) -> 2.1981415 | Q45: =((N45*L45)/P45) -> 1.6879051 | T45: AT2_63-83 | U45: P28 | V45: A36 | W45: A36 | X45: 64 | Y45: anaerobic | Z45: 6.26 | AA45: 30 | AB45: =AA45/1000 -> 0.03 | AC45: =(Z45-AH45)/1000 -> 0.0037868932 | AD45: =AB45+AC45 -> 0.033786893 | AE45: 6.22 | AF45: =AE45*20 -> 124.4 | AG45: 1.5312292 | AH45: =Z45/(1+AG45) -> 2.4731068 | AI45: =((AF45*AD45)/AH45) -> 1.699518 | AO45: AT2_63-83 | AP45: anaerobic | AQ45: =(Q45-AI45)/0.45 -> -0.025806524 | AR45: 0.05 | AS45: =AR45*1000 -> 50
A46: AT2_123-143 | B46: P29 | C46: A37 | D46: Af37 | E46: 93 | F46: anaerobic | G46: 312 | H46: 5.189 | I46: 25 | J46: =I46/1000 -> 0.025 | K46: =(H46-P46)/1000 -> 0.0031528425 | L46: =J46+K46 -> 0.028152843 | M46: 3.19 | N46: =M46*20 -> 63.8 | O46: 1.5484277 | P46: =H46/(1+O46) -> 2.0361575 | Q46: =((N46*L46)/P46) -> 0.88212793 | T46: AT2_123-143 | U46: P29 | V46: A37 | W46: A37 | X46: 65 | Y46: anaerobic | Z46: 6.171 | AA46: 30 | AB46: =AA46/1000 -> 0.03 | AC46: =(Z46-AH46)/1000 -> 0.0037495069 | AD46: =AB46+AC46 -> 0.033749507 | AE46: 2.89 | AF46: =AE46*20 -> 57.8 | AG46: 1.5484277 | AH46: =Z46/(1+AG46) -> 2.4214931 | AI46: =((AF46*AD46)/AH46) -> 0.80558623 | AO46: AT2_123-143 | AP46: anaerobic | AQ46: =(Q46-AI46)/0.45 -> 0.17009265 | AR46: =AQ46 -> 0.17009265 | AS46: =AR46*1000 -> 170.09265
A47: AT2_143-163 | B47: P30 | C47: A38 | D47: Af38 | E47: 94 | F47: anaerobic | G47: 54 | H47: 5.132 | I47: 25 | J47: =I47/1000 -> 0.025 | K47: =(H47-P47)/1000 -> 0.0031198193 | L47: =J47+K47 -> 0.028119819 | M47: 2.06 | N47: =M47*20 -> 41.2 | O47: 1.5504667 | P47: =H47/(1+O47) -> 2.0121807 | Q47: =((N47*L47)/P47) -> 0.57576168 | T47: AT2_143-163 | U47: P30 | V47: A38 | W47: A38 | X47: 66 | Y47: anaerobic | Z47: 6.085 | AA47: 30 | AB47: =AA47/1000 -> 0.03 | AC47: =(Z47-AH47)/1000 -> 0.0036991622 | AD47: =AB47+AC47 -> 0.033699162 | AE47: 1.99 | AF47: =AE47*20 -> 39.8 | AG47: 1.5504667 | AH47: =Z47/(1+AG47) -> 2.3858378 | AI47: =((AF47*AD47)/AH47) -> 0.56216171 | AO47: AT2_143-163 | AP47: anaerobic | AQ47: =(Q47-AI47)/0.45 -> 0.03022217 | AR47: 0.05 | AS47: =AR47*1000 -> 50
A48: AT3_0-40 | B48: P31 | C48: A39 | D48: Af39 | E48: 95 | F48: anaerobic | G48: M5 | H48: 5.924 | I48: 35 | J48: =I48/1000 -> 0.035 | K48: =(H48-P48)/1000 -> 0.0042409522 | L48: =J48+K48 -> 0.039240952 | M48: 3.01 | N48: =M48*20 -> 60.2 | O48: 2.519805 | P48: =H48/(1+O48) -> 1.6830478 | Q48: =((N48*L48)/P48) -> 1.4035878 | T48: AT3_0-40 | U48: P31 | V48: A39 | W48: A39 | X48: 67 | Y48: anaerobic | Z48: 5.18 | AA48: 30 | AB48: =AA48/1000 -> 0.03 | AC48: =(Z48-AH48)/1000 -> 0.0037083276 | AD48: =AB48+AC48 -> 0.033708328 | AE48: 2.62 | AF48: =AE48*20 -> 52.4 | AG48: 2.519805 | AH48: =Z48/(1+AG48) -> 1.4716724 | AI48: =((AF48*AD48)/AH48) -> 1.2002103 | AO48: AT3_0-40 | AP48: anaerobic | AQ48: =(Q48-AI48)/0.45 -> 0.45195006 | AR48: =AQ48 -> 0.45195006 | AS48: =AR48*1000 -> 451.95006
A49: AT3_60-80 | B49: P32 | C49: A40 | D49: Af40 | E49: 96 | F49: anaerobic | G49: 14 | H49: 5.391 | I49: 25 | J49: =I49/1000 -> 0.025 | K49: =(H49-P49)/1000 -> 0.0032656818 | L49: =J49+K49 -> 0.028265682 | M49: 3.92 | N49: =M49*20 -> 78.4 | O49: 1.5365613 | P49: =H49/(1+O49) -> 2.1253182 | Q49: =((N49*L49)/P49) -> 1.0426812 | T49: AT3_60-80 | U49: P32 | V49: A40 | W49: A40 | X49: 68 | Y49: anaerobic | Z49: 6.159 | AA49: 30 | AB49: =AA49/1000 -> 0.03 | AC49: =(Z49-AH49)/1000 -> 0.0037309097 | AD49: =AB49+AC49 -> 0.03373091 | AE49: 3.67 | AF49: =AE49*20 -> 73.4 | AG49: 1.5365613 | AH49: =Z49/(1+AG49) -> 2.4280903 | AI49: =((AF49*AD49)/AH49) -> 1.0196691 | AO49: AT3_60-80 | AP49: anaerobic | AQ49: =(Q49-AI49)/0.45 -> 0.051138014 | AR49: =AQ49 -> 0.051138014 | AS49: =AR49*1000 -> 51.138014
A50: AT3_80-100 | B50: P33 | C50: A41 | D50: Af41 | E50: 97 | F50: anaerobic | G50: 26B | H50: 5.103 | I50: 25 | J50: =I50/1000 -> 0.025 | K50: =(H50-P50)/1000 -> 0.0030810122 | L50: =J50+K50 -> 0.028081012 | M50: 4.73 | N50: =M50*20 -> 94.6 | O50: 1.523754 | P50: =H50/(1+O50) -> 2.0219878 | Q50: =((N50*L50)/P50) -> 1.3137882 | T50: AT3_80-100 | U50: P33 | V50: A41 | W50: A41 | X50: 69 | Y50: anaerobic | Z50: 6.035 | AA50: 30 | AB50: =AA50/1000 -> 0.03 | AC50: =(Z50-AH50)/1000 -> 0.003643721 | AD50: =AB50+AC50 -> 0.033643721 | AE50: 4.68 | AF50: =AE50*20 -> 93.6 | AG50: 1.523754 | AH50: =Z50/(1+AG50) -> 2.391279 | AI50: =((AF50*AD50)/AH50) -> 1.3168904 | AO50: AT3_80-100 | AP50: anaerobic | AQ50: =(Q50-AI50)/0.45 -> -0.006893757 | AR50: 0.05 | AS50: =AR50*1000 -> 50
A51: AT3_140-160 | B51: P34 | C51: A42 | D51: Af42 | E51: 98 | F51: anaerobic | G51: 64 | H51: 5.126 | I51: 25 | J51: =I51/1000 -> 0.025 | K51: =(H51-P51)/1000 -> 0.0031139924 | L51: =J51+K51 -> 0.028113992 | M51: 3.66 | N51: =M51*20 -> 73.2 | O51: 1.5477041 | P51: =H51/(1+O51) -> 2.0120076 | Q51: =((N51*L51)/P51) -> 1.0228312 | T51: AT3_140-160 | U51: P34 | V51: A42 | W51: A42 | X51: 70 | Y51: anaerobic | Z51: 6.189 | AA51: 30 | AB51: =AA51/1000 -> 0.03 | AC51: =(Z51-AH51)/1000 -> 0.003759754 | AD51: =AB51+AC51 -> 0.033759754 | AE51: 3.71 | AF51: =AE51*20 -> 74.2 | AG51: 1.5477041 | AH51: =Z51/(1+AG51) -> 2.429246 | AI51: =((AF51*AD51)/AH51) -> 1.0311734 | AO51: AT3_140-160 | AP51: anaerobic | AQ51: =(Q51-AI51)/0.45 -> -0.018538007 | AR51: 0.05 | AS51: =AR51*1000 -> 50
A52: AT3_160-180 | B52: P35 | C52: A43 | D52: Af43 | E52: 99 | F52: anaerobic | G52: 32 | H52: 5.006 | I52: 25 | J52: =I52/1000 -> 0.025 | K52: =(H52-P52)/1000 -> 0.0030465227 | L52: =J52+K52 -> 0.028046523 | M52: 2.95 | N52: =M52*20 -> 59 | O52: 1.5547629 | P52: =H52/(1+O52) -> 1.9594773 | Q52: =((N52*L52)/P52) -> 0.84448276 | T52: AT3_160-180 | U52: P35 | V52: A43 | W52: A43 | X52: 71 | Y52: anaerobic | Z52: 6.22 | AA52: 30 | AB52: =AA52/1000 -> 0.03 | AC52: =(Z52-AH52)/1000 -> 0.0037853318 | AD52: =AB52+AC52 -> 0.033785332 | AE52: 2.83 | AF52: =AE52*20 -> 56.6 | AG52: 1.5547629 | AH52: =Z52/(1+AG52) -> 2.4346682 | AI52: =((AF52*AD52)/AH52) -> 0.7854252 | AO52: AT3_160-180 | AP52: anaerobic | AQ52: =(Q52-AI52)/0.45 -> 0.13123901 | AR52: =AQ52 -> 0.13123901 | AS52: =AR52*1000 -> 131.23901
A53: AT5_0-40 | B53: P36 | C53: A44 | D53: Af44 | E53: 100 | F53: anaerobic | G53: M6 | H53: 5.332 | I53: 25 | J53: =I53/1000 -> 0.025 | K53: =(H53-P53)/1000 -> 0.0038314502 | L53: =J53+K53 -> 0.02883145 | M53: 4.64 | N53: =M53*20 -> 92.8 | O53: 2.5533643 | P53: =H53/(1+O53) -> 1.5005498 | Q53: =((N53*L53)/P53) -> 1.7830522 | T53: AT5_0-40 | U53: P36 | V53: A44 | W53: A44 | X53: 72 | Y53: anaerobic | Z53: 5.249 | AA53: 25 | AB53: =AA53/1000 -> 0.025 | AC53: =(Z53-AH53)/1000 -> 0.0037718084 | AD53: =AB53+AC53 -> 0.028771808 | AE53: 3.75 | AF53: =AE53*20 -> 75 | AG53: 2.5533643 | AH53: =Z53/(1+AG53) -> 1.4771916 | AI53: =((AF53*AD53)/AH53) -> 1.4608028 | AO53: AT5_0-40 | AP53: anaerobic | AQ53: =(Q53-AI53)/0.45 -> 0.71610985 | AR53: =AQ53 -> 0.71610985 | AS53: =AR53*1000 -> 716.10985
A54: AT5_50-70 | B54: P37 | C54: A45 | D54: Af45 | E54: 101 | F54: anaerobic | G54: M7 | H54: 5.051 | I54: 30 | J54: =I54/1000 -> 0.03 | K54: =(H54-P54)/1000 -> 0.0030847357 | L54: =J54+K54 -> 0.033084736 | M54: 3.45 | N54: =M54*20 -> 69 | O54: 1.5688306 | P54: =H54/(1+O54) -> 1.9662643 | Q54: =((N54*L54)/P54) -> 1.1610071 | T54: AT5_50-70 | U54: P37 | V54: A45 | W54: A45 | X54: 73 | Y54: anaerobic | Z54: 4.998 | AA54: 30 | AB54: =AA54/1000 -> 0.03 | AC54: =(Z54-AH54)/1000 -> 0.0030523676 | AD54: =AB54+AC54 -> 0.033052368 | AE54: 3.33 | AF54: =AE54*20 -> 66.6 | AG54: 1.5688306 | AH54: =Z54/(1+AG54) -> 1.9456324 | AI54: =((AF54*AD54)/AH54) -> 1.1313996 | AO54: AT5_50-70 | AP54: anaerobic | AQ54: =(Q54-AI54)/0.45 -> 0.065794354 | AR54: =AQ54 -> 0.065794354 | AS54: =AR54*1000 -> 65.794354
A55: AT5_70-90 | B55: P38 | C55: A46 | D55: Af46 | E55: 102 | F55: anaerobic | G55: 52 | H55: 5.223 | I55: 25 | J55: =I55/1000 -> 0.025 | K55: =(H55-P55)/1000 -> 0.0031627311 | L55: =J55+K55 -> 0.028162731 | M55: 3.85 | N55: =M55*20 -> 77 | O55: 1.535106 | P55: =H55/(1+O55) -> 2.0602689 | Q55: =((N55*L55)/P55) -> 1.0525472 | T55: AT5_70-90 | U55: P38 | V55: A46 | W55: A46 | X55: 74 | Y55: anaerobic | Z55: 5.909 | AA55: 30 | AB55: =AA55/1000 -> 0.03 | AC55: =(Z55-AH55)/1000 -> 0.003578131 | AD55: =AB55+AC55 -> 0.033578131 | AE55: 3.83 | AF55: =AE55*20 -> 76.6 | AG55: 1.535106 | AH55: =Z55/(1+AG55) -> 2.330869 | AI55: =((AF55*AD55)/AH55) -> 1.1034875 | AO55: AT5_70-90 | AP55: anaerobic | AQ55: =(Q55-AI55)/0.45 -> -0.11320063 | AR55: 0.05 | AS55: =AR55*1000 -> 50
A56: AT5_130-150 | B56: P39 | C56: A47 | D56: Af47 | E56: 103 | F56: anaerobic | G56: 26A | H56: 5.075 | I56: 25 | J56: =I56/1000 -> 0.025 | K56: =(H56-P56)/1000 -> 0.0030533829 | L56: =J56+K56 -> 0.028053383 | M56: 4.15 | N56: =M56*20 -> 83 | O56: 1.5103666 | P56: =H56/(1+O56) -> 2.0216171 | Q56: =((N56*L56)/P56) -> 1.1517665 | T56: AT5_130-150 | U56: P39 | V56: A47 | W56: A47 | X56: 75 | Y56: anaerobic | Z56: 5.31 | AA56: 25 | AB56: =AA56/1000 -> 0.025 | AC56: =(Z56-AH56)/1000 -> 0.0031947711 | AD56: =AB56+AC56 -> 0.028194771 | AE56: 4.43 | AF56: =AE56*20 -> 88.6 | AG56: 1.5103666 | AH56: =Z56/(1+AG56) -> 2.1152289 | AI56: =((AF56*AD56)/AH56) -> 1.1809865 | AO56: AT5_130-150 | AP56: anaerobic | AQ56: =(Q56-AI56)/0.45 -> -0.064933318 | AR56: 0.05 | AS56: =AR56*1000 -> 50
A57: AT5_150-170 | B57: P40 | C57: A48 | D57: Af48 | E57: 104 | F57: anaerobic | G57: M8 | H57: 5.361 | I57: 30 | J57: =I57/1000 -> 0.03 | K57: =(H57-P57)/1000 -> 0.0032349948 | L57: =J57+K57 -> 0.033234995 | M57: 3.12 | N57: =M57*20 -> 62.4 | O57: 1.5216308 | P57: =H57/(1+O57) -> 2.1260052 | Q57: =((N57*L57)/P57) -> 0.97547443 | T57: AT5_150-170 | U57: P40 | V57: A48 | W57: A48 | X57: 76 | Y57: anaerobic | Z57: 5.112 | AA57: 30 | AB57: =AA57/1000 -> 0.03 | AC57: =(Z57-AH57)/1000 -> 0.0030847405 | AD57: =AB57+AC57 -> 0.03308474 | AE57: 2.98 | AF57: =AE57*20 -> 59.6 | AG57: 1.5216308 | AH57: =Z57/(1+AG57) -> 2.0272595 | AI57: =((AF57*AD57)/AH57) -> 0.97266803 | AO57: AT5_150-170 | AP57: anaerobic | AQ57: =(Q57-AI57)/0.45 -> 0.0062364605 | AR57: 0.05 | AS57: =AR57*1000 -> 50
A58: AP1_80-100 | B58: P4 | C58: A49 | D58: Af49 | E58: 105 | F58: anaerobic | G58: 19 | H58: 5.168 | I58: 25 | J58: =I58/1000 -> 0.025 | K58: =(H58-P58)/1000 -> 0.0031537293 | L58: =J58+K58 -> 0.028153729 | M58: 20.8 | N58: =M58*20 -> 416 | O58: 1.5656928 | P58: =H58/(1+O58) -> 2.0142707 | Q58: =((N58*L58)/P58) -> 5.8144872 | T58: AP1_80-100 | U58: P4 | V58: A49 | W58: A49 | X58: 77 | Y58: anaerobic | Z58: 5.257 | AA58: 25 | AB58: =AA58/1000 -> 0.025 | AC58: =(Z58-AH58)/1000 -> 0.0032080408 | AD58: =AB58+AC58 -> 0.028208041 | AE58: 21 | AF58: =AE58*20 -> 420 | AG58: 1.5656928 | AH58: =Z58/(1+AG58) -> 2.0489592 | AI58: =((AF58*AD58)/AH58) -> 5.782144 | AO58: AP1_80-100 | AP58: anaerobic | AQ58: =(Q58-AI58)/0.45 -> 0.071873893 | AR58: =AQ58 -> 0.071873893 | AS58: =AR58*1000 -> 71.873893
A59: AP1_100-120 | B59: P5 | C59: A50 | D59: Af50 | E59: 106 | F59: anaerobic | G59: M2 | H59: 5.161 | I59: 25 | J59: =I59/1000 -> 0.025 | K59: =(H59-P59)/1000 -> 0.0031055106 | L59: =J59+K59 -> 0.028105511 | M59: 22.2 | N59: =M59*20 -> 444 | O59: 1.5108375 | P59: =H59/(1+O59) -> 2.0554894 | Q59: =((N59*L59)/P59) -> 6.0709855 | T59: AP1_100-120 | U59: P5 | V59: A50 | W59: A50 | X59: 78 | Y59: anaerobic | Z59: 6.249 | AA59: 30 | AB59: =AA59/1000 -> 0.03 | AC59: =(Z59-AH59)/1000 -> 0.003760189 | AD59: =AB59+AC59 -> 0.033760189 | AE59: 22.8 | AF59: =AE59*20 -> 456 | AG59: 1.5108375 | AH59: =Z59/(1+AG59) -> 2.488811 | AI59: =((AF59*AD59)/AH59) -> 6.1855425 | AO59: AP1_100-120 | AP59: anaerobic | AQ59: =(Q59-AI59)/0.45 -> -0.25457104 | AR59: 0.05 | AS59: =AR59*1000 -> 50
A60: AP2_80-100 | B60: P9 | C60: A51 | D60: Af51 | E60: 107 | F60: anaerobic | G60: 3 | H60: 5.112 | I60: 25 | J60: =I60/1000 -> 0.025 | K60: =(H60-P60)/1000 -> 0.0030915222 | L60: =J60+K60 -> 0.028091522 | M60: 6.38 | N60: =M60*20 -> 127.6 | O60: 1.5300947 | P60: =H60/(1+O60) -> 2.0204778 | Q60: =((N60*L60)/P60) -> 1.7740746 | T60: AP2_80-100 | U60: P9 | V60: A51 | W60: A51 | X60: 79 | Y60: anaerobic | Z60: 5.194 | AA60: 25 | AB60: =AA60/1000 -> 0.025 | AC60: =(Z60-AH60)/1000 -> 0.0031411124 | AD60: =AB60+AC60 -> 0.028141112 | AE60: 5.9 | AF60: =AE60*20 -> 118 | AG60: 1.5300947 | AH60: =Z60/(1+AG60) -> 2.0528876 | AI60: =((AF60*AD60)/AH60) -> 1.6175514 | AO60: AP2_80-100 | AP60: anaerobic | AQ60: =(Q60-AI60)/0.45 -> 0.34782927 | AR60: =AQ60 -> 0.34782927 | AS60: =AR60*1000 -> 347.82927
A61: AP2_100-120 | B61: P10 | C61: A52 | D61: Af52 | E61: 108 | F61: anaerobic | G61: M3 | H61: 5.017 | I61: 25 | J61: =I61/1000 -> 0.025 | K61: =(H61-P61)/1000 -> 0.0030079631 | L61: =J61+K61 -> 0.028007963 | M61: 6.66 | N61: =M61*20 -> 133.2 | O61: 1.4972165 | P61: =H61/(1+O61) -> 2.0090369 | Q61: =((N61*L61)/P61) -> 1.8569399 | T61: AP2_100-120 | U61: P10 | V61: A52 | W61: A52 | X61: 80 | Y61: anaerobic | Z61: 5.014 | AA61: 25 | AB61: =AA61/1000 -> 0.025 | AC61: =(Z61-AH61)/1000 -> 0.0030061645 | AD61: =AB61+AC61 -> 0.028006164 | AE61: 6.28 | AF61: =AE61*20 -> 125.6 | AG61: 1.4972165 | AH61: =Z61/(1+AG61) -> 2.0078355 | AI61: =((AF61*AD61)/AH61) -> 1.7519235 | AO61: AP2_100-120 | AP61: anaerobic | AQ61: =(Q61-AI61)/0.45 -> 0.23336973 | AR61: =AQ61 -> 0.23336973 | AS61: =AR61*1000 -> 233.36973
A62: AP3_80-100 | B62: P14 | C62: A53 | D62: Af53 | E62: 109 | F62: anaerobic | G62: 53 | H62: 5.079 | I62: 25 | J62: =I62/1000 -> 0.025 | K62: =(H62-P62)/1000 -> 0.0030439787 | L62: =J62+K62 -> 0.028043979 | M62: 8.52 | N62: =M62*20 -> 170.4 | O62: 1.495797 | P62: =H62/(1+O62) -> 2.0350213 | Q62: =((N62*L62)/P62) -> 2.348228 | T62: AP3_80-100 | U62: P14 | V62: A53 | W62: A53 | X62: 81 | Y62: anaerobic | Z62: 6.208 | AA62: 30 | AB62: =AA62/1000 -> 0.03 | AC62: =(Z62-AH62)/1000 -> 0.0037206182 | AD62: =AB62+AC62 -> 0.033720618 | AE62: 8.43 | AF62: =AE62*20 -> 168.6 | AG62: 1.495797 | AH62: =Z62/(1+AG62) -> 2.4873818 | AI62: =((AF62*AD62)/AH62) -> 2.2856549 | AO62: AP3_80-100 | AP62: anaerobic | AQ62: =(Q62-AI62)/0.45 -> 0.13905149 | AR62: =AQ62 -> 0.13905149 | AS62: =AR62*1000 -> 139.05149
A63: AP3_100-119 | B63: P15 | C63: A54 | D63: Af54 | E63: 110 | F63: anaerobic | G63: 33 | H63: 5.108 | I63: 25 | J63: =I63/1000 -> 0.025 | K63: =(H63-P63)/1000 -> 0.003084323 | L63: =J63+K63 -> 0.028084323 | M63: 6.05 | N63: =M63*20 -> 121 | O63: 1.5241182 | P63: =H63/(1+O63) -> 2.023677 | Q63: =((N63*L63)/P63) -> 1.679222 | T63: AP3_100-119 | U63: P15 | V63: A54 | W63: A54 | X63: 82 | Y63: anaerobic | Z63: 6.137 | AA63: 30 | AB63: =AA63/1000 -> 0.03 | AC63: =(Z63-AH63)/1000 -> 0.0037056558 | AD63: =AB63+AC63 -> 0.033705656 | AE63: 5.64 | AF63: =AE63*20 -> 112.8 | AG63: 1.5241182 | AH63: =Z63/(1+AG63) -> 2.4313442 | AI63: =((AF63*AD63)/AH63) -> 1.5637432 | AO63: AP3_100-119 | AP63: anaerobic | AQ63: =(Q63-AI63)/0.45 -> 0.25661957 | AR63: =AQ63 -> 0.25661957 | AS63: =AR63*1000 -> 256.61957
A64: AP4_80-99 | B64: P19 | C64: A55 | D64: Af55 | E64: 111 | F64: anaerobic | G64: M9 | H64: 5.255 | I64: 25 | J64: =I64/1000 -> 0.025 | K64: =(H64-P64)/1000 -> 0.0031950939 | L64: =J64+K64 -> 0.028195094 | M64: 3.75 | N64: =M64*20 -> 75 | O64: 1.5510872 | P64: =H64/(1+O64) -> 2.0599061 | Q64: =((N64*L64)/P64) -> 1.0265672 | T64: AP4_80-99 | U64: P19 | V64: A55 | W64: A55 | X64: 83 | Y64: anaerobic | Z64: 4.487 | AA64: 25 | AB64: =AA64/1000 -> 0.025 | AC64: =(Z64-AH64)/1000 -> 0.002728142 | AD64: =AB64+AC64 -> 0.027728142 | AE64: 3.18 | AF64: =AE64*20 -> 63.6 | AG64: 1.5510872 | AH64: =Z64/(1+AG64) -> 1.758858 | AI64: =((AF64*AD64)/AH64) -> 1.0026448 | AO64: AP4_80-99 | AP64: anaerobic | AQ64: =(Q64-AI64)/0.45 -> 0.05316086 | AR64: =AQ64 -> 0.05316086 | AS64: =AR64*1000 -> 53.16086
A65: AP4_99-120 | B65: P20 | C65: A56 | D65: Af56 | E65: 112 | F65: anaerobic | G65: 26 | H65: 5.274 | I65: 25 | J65: =I65/1000 -> 0.025 | K65: =(H65-P65)/1000 -> 0.0032177797 | L65: =J65+K65 -> 0.02821778 | M65: 4.36 | N65: =M65*20 -> 87.2 | O65: 1.5649002 | P65: =H65/(1+O65) -> 2.0562203 | Q65: =((N65*L65)/P65) -> 1.196657 | T65: AP4_99-120 | U65: P20 | V65: A56 | W65: A56 | X65: 84 | Y65: anaerobic | Z65: 3.814 | AA65: 20 | AB65: =AA65/1000 -> 0.02 | AC65: =(Z65-AH65)/1000 -> 0.0023270026 | AD65: =AB65+AC65 -> 0.022327003 | AE65: 4.19 | AF65: =AE65*20 -> 83.8 | AG65: 1.5649002 | AH65: =Z65/(1+AG65) -> 1.4869974 | AI65: =((AF65*AD65)/AH65) -> 1.2582422 | AO65: AP4_99-120 | AP65: anaerobic | AQ65: =(Q65-AI65)/0.45 -> -0.13685596 | AR65: 0.05 | AS65: =AR65*1000 -> 50
A66: BLANK | E66: 114 | M66: < | T66: BLANK | W66: A57 | X66: 113 | AA66: 25 | AE66: <

Sheet 11_Elemental analyses
A1: Elemental analyses
A2: Drying of samples (22.11.24-25.11.24) | AY2: =MIN(AY9:AY18) -> 0
A3: Grinding of samples (25.11.24-26.11.24)
A4: Weighing ca. 15 mg of sample for CHNS analyses (14.01.25-15.01.25)
A5: Measuring CHNS with the velo VL cube on 16.01.2025
A6: Weighing ca. 2 mg of sample for O analyses
A7: Measuring O with the rapid OXY cube on 21.01.25
A9: Sample ID | B9: Subsite | C9: Working ID | D9: Weight sample for CHNS [mg] | E9: Weight sample for O [mg] | F9: N [mg/g] | G9: C [mg/g] | H9: H [mg/g] | I9: S [mg/g] | J9: O [mg/g] | K9: C/N mass | L9: C/H mass | M9: H/C mass | N9: O/C mass | O9: C/N molar | P9: H/C molar | Q9: O/C molar
A10: AP1_0-20 | B10: Palsa | C10: P1 | D10: 14.93 | E10: 2.748 | F10: 7.8 | G10: 483.4 | H10: 61.7 | I10: 0.29633462 | J10: 428.08 | K10: 61.99 | L10: 7.83 | M10: =1/L10 -> 0.12771392 | N10: =J10/G10 -> 0.88556061 | O10: 72.34233 | P10: 1.5210728 | Q10: 0.66417046
A11: AP1_20-40 | B11: Palsa | C11: P2 | D11: 15.36 | E11: 2.4 | F11: 11 | G11: 475.6 | H11: 60.9 | I11: 0.60488147 | J11: 433.32 | K11: 43.16 | L11: 7.81 | M11: =1/L11 -> 0.12804097 | N11: =J11/G11 -> 0.91110177 | O11: 50.36772 | P11: 1.524968 | Q11: 0.68332632
A12: AP1_50-69 | B12: Palsa | C12: P3 | D12: 14.234 | E12: 4.146 | F12: 26.2 | G12: 514.5 | H12: 65.1 | I12: 2.3311837 | J12: 345.53 | K12: 19.62 | L12: 7.9 | M12: =1/L12 -> 0.12658228 | N12: =J12/G12 -> 0.67158406 | O12: 22.89654 | P12: 1.5075949 | Q12: 0.50368805
A13: AP1_80-100 | B13: Palsa | C13: P4 | D13: 14.51 | E13: 3.398 | F13: 28 | G13: 516.4 | H13: 62.6 | I13: 3.8235988 | J13: 364.95 | K13: 18.45 | L13: 8.25 | M13: =1/L13 -> 0.12121212 | N13: =J13/G13 -> 0.7067196 | O13: 21.53115 | P13: 1.4436364 | Q13: 0.5300397
A14: AP1_100-120 | B14: Palsa | C14: P5 | D14: 15.92 | E14: 2.582 | F14: 25.1 | G14: 511.3 | H14: 62 | I14: 3.5961137 | J14: 371 | K14: 20.36 | L14: 8.25 | M14: =1/L14 -> 0.12121212 | N14: =J14/G14 -> 0.72560141 | O14: 23.76012 | P14: 1.4436364 | Q14: 0.54420106
A15: AP2_0-20 | B15: Palsa | C15: P16 | D15: 15.494 | E15: 2.692 | F15: 20.2 | G15: 526 | H15: 66.7 | I15: 2.0616543 | J15: 360.65 | K15: 26.03 | L15: 7.89 | M15: =1/L15 -> 0.12674271 | N15: =J15/G15 -> 0.68564639 | O15: 30.37701 | P15: 1.5095057 | Q15: 0.51423479
A16: AP2_20-40 | B16: Palsa | C16: P7 | D16: 15.584 | E16: 2.654 | F16: 23.9 | G16: 522.5 | H16: 66.3 | I16: 2.7992402 | J16: 352.43 | K16: 21.88 | L16: 7.88 | M16: =1/L16 -> 0.12690355 | N16: =J16/G16 -> 0.67450718 | O16: 25.53396 | P16: 1.5114213 | Q16: 0.50588038
A17: AP2_50-69 | B17: Palsa | C17: P8 | D17: 15.86 | E17: 3.086 | F17: 21.6 | G17: 501.6 | H17: 60.1 | I17: 6.1370787 | J17: 378.66 | K17: 23.23 | L17: 8.35 | M17: =1/L17 -> 0.11976048 | N17: =J17/G17 -> 0.75490431 | O17: 27.10941 | P17: 1.4263473 | Q17: 0.56617823
A18: AP2_80-100 | B18: Palsa | C18: P9 | D18: 14.814 | E18: 1.998 | F18: 19.7 | G18: 497.2 | H18: 59.5 | I18: 6.9407433 | J18: 382.83 | K18: 25.28 | L18: 8.36 | M18: =1/L18 -> 0.11961722 | N18: =J18/G18 -> 0.76997184 | O18: 29.50176 | P18: 1.4246411 | Q18: 0.57747888
A19: AP2_100-120 | B19: Palsa | C19: P10 | D19: 14.594 | E19: 2.476 | F19: 18.5 | G19: 495 | H19: 59.7 | I19: 5.911565 | J19: 385.41 | K19: 26.71 | L19: 8.29 | M19: =1/L19 -> 0.12062726 | N19: =J19/G19 -> 0.77860606 | O19: 31.17057 | P19: 1.4366707 | Q19: 0.58395455
A20: AP3_0-20 | B20: Palsa | C20: P11 | D20: 15.346 | E20: 2.154 | F20: 11.3 | G20: 488.9 | H20: 61.2 | I20: 1.1359082 | J20: 420.77 | K20: 43.42 | L20: 8 | M20: =1/L20 -> 0.125 | N20: =J20/G20 -> 0.86064635 | O20: 50.67114 | P20: 1.48875 | Q20: 0.64548476
A21: AP3_20-40 | B21: Palsa | C21: P12 | D21: 14.432 | E21: 2.516 | F21: 18 | G21: 490.1 | H21: 63.5 | I21: 2.1888394 | J21: 407.33 | K21: 27.22 | L21: 7.72 | M21: =1/L21 -> 0.12953368 | N21: =J21/G21 -> 0.8311161 | O21: 31.76574 | P21: 1.5427461 | Q21: 0.62333707
... A49: AT5_150-170 | B49: Thermokarst | C49: P40 | D49: 15.166 | E49: 2.386 | F49: 17.7 | G49: 498.6 | H49: 59.2 | I49: 6.7563121 | J49: 382.37 | K49: 28.24 | L49: 8.42 | M49: =1/L49 -> 0.11876485 | N49: =J49/G49 -> 0.76688728 | O49: 32.95608 | P49: 1.4144893 | Q49: 0.57516546

Sheet 12_DNA concentrations
A1: Sample ID | B1: Working ID | C1: O2 conditions | D1: Dry weight [g] | E1: Water [g] | F1: 18O/16O addition [ul] | G1: Extracted DNA [g] | H1: Purified DNA [g] | I1: sample number | J1: Reading | K1: DNA concentration (ng/ul) | L1: DNA concentration after purification (ng/ul) | M1: DNA lost [%]
A2: AP1_0-20 | B2: P1 | C2: aerobic | D2: 0.13912244 | E2: 0.21117756 | F2: 150 | G2: 0.0927 | H2: 0.045 | I2: 1 | J2: 56840 | K2: =J2/1771.2 -> 32.091238
A3: AP1_0-20 | B3: P1 | C3: aerobic | D3: 0.14325283 | E3: 0.21744717 | F3: 150 | G3: 0.1028 | H3: 0.0458 | I3: 2 | J3: 39010 | K3: =J3/1771.2 -> 22.024616
A4: AP1_20-40 | B4: P2 | C4: aerobic | D4: 0.14133356 | E4: 0.21326644 | F4: 150 | G4: 0.0984 | H4: 0.0473 | I4: 3 | J4: 2898 | K4: =J4/1771.2 -> 1.6361789
A5: AP1_20-40 | B5: P2 | C5: aerobic | D5: 0.14105456 | E5: 0.21284544 | F5: 150 | G5: 0.092 | H5: 0.0453 | I5: 4 | J5: 2079 | K5: =J5/1771.2 -> 1.1737805
A6: AP1_50-69 | B6: P3 | C6: aerobic | D6: 0.14048268 | E6: 0.21491732 | F6: 150 | G6: 0.0912 | H6: 0.0459 | I6: 5 | J6: 1573 | K6: =J6/1771.2 -> 0.88809846
A7: AP1_50-69 | B7: P3 | C7: aerobic | D7: 0.14064079 | E7: 0.21515921 | F7: 150 | G7: 0.0914 | H7: 0.0468 | I7: 6 | J7: 1463 | K7: =J7/1771.2 -> 0.82599368
A8: AP1_80-100 | B8: P4 | C8: aerobic | D8: 0.13754569 | E8: 0.21535431 | F8: 150 | G8: 0.0936 | H8: 0.0462 | I8: 7 | J8: 4004 | K8: =J8/1771.2 -> 2.2606143
A9: AP1_80-100 | B9: P4 | C9: aerobic | D9: 0.13532407 | E9: 0.21187593 | F9: 150 | G9: 0.0924 | H9: 0.0472 | I9: 8 | J9: 3211 | K9: =J9/1771.2 -> 1.8128952
A10: AP1_100-120 | B10: P5 | C10: aerobic | D10: 0.13915676 | E10: 0.21024324 | F10: 150 | G10: 0.0934 | H10: 0.0466 | I10: 9 | J10: 2575 | K10: =J10/1771.2 -> 1.4538166
A11: AP1_100-120 | B11: P5 | C11: aerobic | D11: 0.14071002 | E11: 0.21258998 | F11: 150 | G11: 0.0932 | H11: 0.0482 | I11: 10 | J11: 2300 | K11: =J11/1771.2 -> 1.2985547
A12: AP2_0-20 | B12: P16 | C12: aerobic | D12: 0.14191086 | E12: 0.21398914 | F12: 150 | G12: 0.0907 | H12: 0.0461 | I12: 11 | J12: 3236 | K12: =J12/1771.2 -> 1.8270099 | L12: 0.51987768 | M12: =(K12-L12)/K12 -> 0.71544891
A13: AP2_0-20 | B13: P16 | C13: aerobic | D13: 0.14043553 | E13: 0.21176447 | F13: 150 | G13: 0.0899 | H13: 0.0492 | I13: 12 | J13: 3379 | K13: =J13/1771.2 -> 1.9077462 | L13: 0.65951186 | M13: =(K13-L13)/K13 -> 0.6542979
A14: AP2_20-40 | B14: P7 | C14: aerobic | D14: 0.14182591 | E14: 0.21257409 | F14: 150 | G14: 0.0918 | H14: 0.0453 | I14: 13 | J14: 2984 | K14: =J14/1771.2 -> 1.6847335 | L14: 0.4604466 | M14: =(K14-L14)/K14 -> 0.7266947
A15: AP2_20-40 | B15: P7 | C15: aerobic | D15: 0.13822424 | E15: 0.20717576 | F15: 150 | G15: 0.0911 | H15: 0.0473 | I15: 14 | J15: 2414 | K15: =J15/1771.2 -> 1.3629178 | L15: 0.62258381 | M15: =(K15-L15)/K15 -> 0.54319783
A16: AP2_50-69 | B16: P8 | C16: aerobic | D16: 0.13697902 | E16: 0.21482098 | F16: 150 | G16: 0.0952 | H16: 0.0473 | I16: 15 | J16: 15858 | K16: =J16/1771.2 -> 8.953252
A17: AP2_50-69 | B17: P8 | C17: aerobic | D17: 0.13596667 | E17: 0.21323333 | F17: 150 | G17: 0.0932 | H17: 0.0469 | I17: 16 | J17: 27604 | K17: =J17/1771.2 -> 15.584914
A18: AP2_80-100 | B18: P9 | C18: aerobic | D18: 0.13789998 | E18: 0.21100002 | F18: 150 | G18: 0.0935 | H18: 0.047 | I18: 17 | J18: 17691 | K18: =J18/1771.2 -> 9.9881436
A19: AP2_80-100 | B19: P9 | C19: aerobic | D19: 0.13667473 | E19: 0.20912527 | F19: 150 | G19: 0.0951 | H19: 0.047 | I19: 18 | J19: 16675 | K19: =J19/1771.2 -> 9.4145212
A20: AP2_100-120 | B20: P10 | C20: aerobic | D20: 0.14171779 | E20: 0.21218221 | F20: 150 | G20: 0.0936 | H20: 0.0469 | I20: 19 | J20: 2078 | K20: =J20/1771.2 -> 1.1732159
A21: AP2_100-120 | B21: P10 | C21: aerobic | D21: 0.13995583 | E21: 0.20954417 | F21: 150 | G21: 0.093 | H21: 0.0478 | I21: 20 | J21: 3541 | K21: =J21/1771.2 -> 1.9992096
A22: AP3_0-20 | B22: P11 | C22: aerobic | D22: 0.13848196 | E22: 0.20961804 | F22: 150 | G22: 0.0939 | H22: 0.0468 | I22: 21 | J22: 26244 | K22: =J22/1771.2 -> 14.817073
A23: AP3_0-20 | B23: P11 | C23: aerobic | D23: 0.14166454 | E23: 0.21443546 | F23: 150 | G23: 0.0986 | H23: 0.0471 | I23: 22 | J23: 24228 | K23: =J23/1771.2 -> 13.678862
A24: AP3_20-40 | B24: P12 | C24: aerobic | D24: 0.14057745 | E24: 0.21172255 | F24: 150 | G24: 0.0916 | H24: 0.0466 | I24: 23 | J24: 1891 | K24: =J24/1771.2 -> 1.0676378
A25: AP3_20-40 | B25: P12 | C25: aerobic | D25: 0.13973949 | E25: 0.21046051 | F25: 150 | G25: 0.092 | H25: 0.0463 | I25: 24 | J25: 1717 | K25: =J25/1771.2 -> 0.96939928
A26: AP3_50-69 | B26: P13 | C26: aerobic | D26: 0.14018032 | E26: 0.21341968 | F26: 150 | G26: 0.0935 | H26: 0.0456 | I26: 25 | J26: 6629 | K26: =J26/1771.2 -> 3.7426603
A27: AP3_50-69 | B27: P13 | C27: aerobic | D27: 0.13851528 | E27: 0.21088472 | F27: 150 | G27: 0.0941 | H27: 0.0459 | I27: 26 | J27: 8113 | K27: =J27/1771.2 -> 4.5805104
... A31: AP3_100-119 | B31: P15 | C31: aerobic | D31: 0.13771146 | E31: 0.20988854 | F31: 150 | G31: 0.1002 | H31: 0.0481 | I31: 30 | J31: 3667 | K31: =J31/1771.2 -> 2.0703478
A32: AP4_0-20 | B32: P6 | C32: aerobic | D32: 0.14119807 | E32: 0.21190193 | F32: 150 | G32: 0.0942 | H32: 0.0465 | I32: 31 | J32: 2061 | K32: =J32/1771.2 -> 1.1636179 | L32: 0.98090128 | M32: =(K32-L32)/K32 -> 0.15702458
A33: AP4_0-20 | B33: P6 | C33: aerobic | D33: 0.14303753 | E33: 0.21466247 | F33: 150 | G33: 0.0947 | H33: 0.0472 | I33: 32 | J33: 2303 | K33: =J33/1771.2 -> 1.3002484 | L33: 1.1436155 | M33: =(K33-L33)/K33 -> 0.12046385
A34: AP4_20-40 | B34: P17 | C34: aerobic | D34: 0.14227363 | E34: 0.21662637 | F34: 150 | G34: 0.0953 | H34: 0.0486 | I34: 33 | J34: 2295 | K34: =J34/1771.2 -> 1.2957317 | L34: 0.48352663 | M34: =(K34-L34)/K34 -> 0.62683121
A35: AP4_20-40 | B35: P17 | C35: aerobic | D35: 0.14183758 | E35: 0.21596242 | F35: 150 | G35: 0.0921 | H35: 0.0479 | I35: 34 | J35: 2359 | K35: =J35/1771.2 -> 1.3318654 | L35: 0.51410767 | M35: =(K35-L35)/K35 -> 0.61399428
A36: AP4_50-70 | B36: P18 | C36: aerobic | D36: 0.13965878 | E36: 0.21524122 | F36: 150 | G36: 0.097 | H36: 0.0482 | I36: 35 | J36: 25713 | K36: 15.137761
A37: AP4_50-70 | B37: P18 | C37: aerobic | D37: 0.14209858 | E37: 0.21900142 | F37: 150 | G37: 0.0955 | H37: 0.0488 | I37: 36 | J37: 27268.5 | K37: 16.053515
A38: AP4_80-99 | B38: P19 | C38: aerobic | D38: 0.13856837 | E38: 0.21493163 | F38: 150 | G38: 0.0972 | H38: 0.0487 | I38: 37 | J38: 4985 | K38: =J38/1771.2 -> 2.8144761
A39: AP4_80-99 | B39: P19 | C39: aerobic | D39: 0.13825478 | E39: 0.21444522 | F39: 150 | G39: 0.0998 | H39: 0.048 | I39: 38 | J39: 4672 | K39: =J39/1771.2 -> 2.6377597
A40: AP4_99-120 | B40: P20 | C40: aerobic | D40: 0.13653552 | E40: 0.21366448 | F40: 150 | G40: 0.0995 | H40: 0.0475 | I40: 39 | J40: 9423 | K40: =J40/1771.2 -> 5.320122
A41: AP4_99-120 | B41: P20 | C41: aerobic | D41: 0.13961557 | E41: 0.21848443 | F41: 150 | G41: 0.0992 | H41: 0.048 | I41: 40 | J41: 6044 | K41: =J41/1771.2 -> 3.4123758
A42: AT1_143-163 | B42: P24 | C42: aerobic | D42: 0.13913138 | E42: 0.20976862 | F42: 150 | G42: 0.0975 | H42: 0.0477 | I42: 41 | J42: 5574 | K42: =J42/1771.2 -> 3.147019
A43: AT1_143-163 | B43: P24 | C43: aerobic | D43: 0.14036757 | E43: 0.21163243 | F43: 150 | G43: 0.099 | H43: 0.0481 | I43: 42 | J43: 5398 | K43: =J43/1771.2 -> 3.0476513
A44: AT1_163-183 | B44: P25 | C44: aerobic | D44: 0.14093623 | E44: 0.21356377 | F44: 150 | G44: 0.1004 | H44: 0.0475 | I44: 43 | J44: 9347 | K44: =J44/1771.2 -> 5.2772132
A45: AT1_163-183 | B45: P25 | C45: aerobic | D45: 0.13950501 | E45: 0.21139499 | F45: 150 | G45: 0.097 | H45: 0.0478 | I45: 44 | J45: 7054 | K45: =J45/1771.2 -> 3.9826107
